/*
Navicat MySQL Data Transfer

Source Server         : 127.0.0.1
Source Server Version : 80026
Source Host           : localhost:3306
Source Database       : guli

Target Server Type    : MYSQL
Target Server Version : 80026
File Encoding         : 65001

Date: 2022-04-18 16:01:00
*/

SET FOREIGN_KEY_CHECKS=0;

-- ----------------------------
-- Table structure for acl_permission
-- ----------------------------
DROP TABLE IF EXISTS `acl_permission`;
CREATE TABLE `acl_permission` (
  `id` char(19) NOT NULL DEFAULT '' COMMENT '编号',
  `pid` char(19) NOT NULL DEFAULT '' COMMENT '所属上级',
  `name` varchar(20) NOT NULL DEFAULT '' COMMENT '名称',
  `type` tinyint NOT NULL DEFAULT '0' COMMENT '类型(1:菜单,2:按钮)',
  `permission_value` varchar(50) DEFAULT NULL COMMENT '权限值',
  `path` varchar(100) DEFAULT NULL COMMENT '访问路径',
  `component` varchar(100) DEFAULT NULL COMMENT '组件路径',
  `icon` varchar(50) DEFAULT NULL COMMENT '图标',
  `status` tinyint DEFAULT NULL COMMENT '状态(0:禁止,1:正常)',
  `is_deleted` tinyint unsigned NOT NULL DEFAULT '0' COMMENT '逻辑删除 1（true）已删除， 0（false）未删除',
  `gmt_create` datetime DEFAULT NULL COMMENT '创建时间',
  `gmt_modified` datetime DEFAULT NULL COMMENT '更新时间',
  PRIMARY KEY (`id`),
  KEY `idx_pid` (`pid`)
) ENGINE=InnoDB DEFAULT CHARSET=utf8mb4 COLLATE=utf8mb4_0900_ai_ci COMMENT='权限';

-- ----------------------------
-- Records of acl_permission
-- ----------------------------
INSERT INTO `acl_permission` VALUES ('1', '0', '全部数据', '0', null, null, null, '', null, '0', '2019-11-15 17:13:06', '2019-11-15 17:13:06');
INSERT INTO `acl_permission` VALUES ('1195268474480156673', '1', '权限管理', '1', null, '/acl', 'Layout', 'example', null, '0', '2019-11-15 17:13:06', '2019-11-18 13:54:25');
INSERT INTO `acl_permission` VALUES ('1195268616021139457', '1195268474480156673', '用户管理', '1', null, 'user/list', '/acl/user/list', null, null, '0', '2019-11-15 17:13:40', '2019-11-18 13:53:12');
INSERT INTO `acl_permission` VALUES ('1195268788138598401', '1195268474480156673', '角色管理', '1', null, 'role/list', '/acl/role/list', null, null, '0', '2019-11-15 17:14:21', '2019-11-15 17:14:21');
INSERT INTO `acl_permission` VALUES ('1195268893830864898', '1195268474480156673', '菜单管理', '1', null, 'menu/list', '/acl/menu/list', null, null, '0', '2019-11-15 17:14:46', '2019-11-15 17:14:46');
INSERT INTO `acl_permission` VALUES ('1195269143060602882', '1195268616021139457', '查看', '2', 'user.list', '', '', null, null, '0', '2019-11-15 17:15:45', '2019-11-17 21:57:16');
INSERT INTO `acl_permission` VALUES ('1195269295926206466', '1195268616021139457', '添加', '2', 'user.add', 'user/add', '/acl/user/form', null, null, '0', '2019-11-15 17:16:22', '2019-11-15 17:16:22');
INSERT INTO `acl_permission` VALUES ('1195269473479483394', '1195268616021139457', '修改', '2', 'user.update', 'user/update/:id', '/acl/user/form', null, null, '0', '2019-11-15 17:17:04', '2019-11-15 17:17:04');
INSERT INTO `acl_permission` VALUES ('1195269547269873666', '1195268616021139457', '删除', '2', 'user.remove', '', '', null, null, '0', '2019-11-15 17:17:22', '2019-11-15 17:17:22');
INSERT INTO `acl_permission` VALUES ('1195269821262782465', '1195268788138598401', '修改', '2', 'role.update', 'role/update/:id', '/acl/role/form', null, null, '0', '2019-11-15 17:18:27', '2019-11-15 17:19:53');
INSERT INTO `acl_permission` VALUES ('1195269903542444034', '1195268788138598401', '查看', '2', 'role.list', '', '', null, null, '0', '2019-11-15 17:18:47', '2019-11-15 17:18:47');
INSERT INTO `acl_permission` VALUES ('1195270037005197313', '1195268788138598401', '添加', '2', 'role.add', 'role/add', '/acl/role/form', null, null, '0', '2019-11-15 17:19:19', '2019-11-18 11:05:42');
INSERT INTO `acl_permission` VALUES ('1195270442602782721', '1195268788138598401', '删除', '2', 'role.remove', '', '', null, null, '0', '2019-11-15 17:20:55', '2019-11-15 17:20:55');
INSERT INTO `acl_permission` VALUES ('1195270621548568578', '1195268788138598401', '角色权限', '2', 'role.acl', 'role/distribution/:id', '/acl/role/roleForm', null, null, '0', '2019-11-15 17:21:38', '2019-11-15 17:21:38');
INSERT INTO `acl_permission` VALUES ('1195270744097742849', '1195268893830864898', '查看', '2', 'permission.list', '', '', null, null, '0', '2019-11-15 17:22:07', '2019-11-15 17:22:07');
INSERT INTO `acl_permission` VALUES ('1195270810560684034', '1195268893830864898', '添加', '2', 'permission.add', '', '', null, null, '0', '2019-11-15 17:22:23', '2019-11-15 17:22:23');
INSERT INTO `acl_permission` VALUES ('1195270862100291586', '1195268893830864898', '修改', '2', 'permission.update', '', '', null, null, '0', '2019-11-15 17:22:35', '2019-11-15 17:22:35');
INSERT INTO `acl_permission` VALUES ('1195270887933009922', '1195268893830864898', '删除', '2', 'permission.remove', '', '', null, null, '0', '2019-11-15 17:22:41', '2019-11-15 17:22:41');
INSERT INTO `acl_permission` VALUES ('1195349439240048642', '1', '讲师管理', '1', null, '/teacher', 'Layout', 'example', null, '0', '2019-11-15 22:34:49', '2019-11-15 22:34:49');
INSERT INTO `acl_permission` VALUES ('1195349699995734017', '1195349439240048642', '讲师列表', '1', null, 'table', '/edu/teacher/list', 'table', null, '0', '2019-11-15 22:35:52', '2019-11-15 22:35:52');
INSERT INTO `acl_permission` VALUES ('1195349810561781761', '1195349439240048642', '添加讲师', '1', null, 'save', '/edu/teacher/save', 'tree', null, '0', '2019-11-15 22:36:18', '2019-11-15 22:36:18');
INSERT INTO `acl_permission` VALUES ('1195349876252971010', '1195349810561781761', '添加', '2', 'teacher.add', '', '', null, null, '0', '2019-11-15 22:36:34', '2019-11-15 22:36:34');
INSERT INTO `acl_permission` VALUES ('1195349979797753857', '1195349699995734017', '查看', '2', 'teacher.list', '', '', null, null, '0', '2019-11-15 22:36:58', '2019-11-15 22:36:58');
INSERT INTO `acl_permission` VALUES ('1195350117270261762', '1195349699995734017', '修改', '2', 'teacher.update', 'edit/:id', '/edu/teacher/save', null, null, '0', '2019-11-15 22:37:31', '2019-11-15 22:37:31');
INSERT INTO `acl_permission` VALUES ('1195350188359520258', '1195349699995734017', '删除', '2', 'teacher.remove', '', '', null, null, '0', '2019-11-15 22:37:48', '2019-11-15 22:37:48');
INSERT INTO `acl_permission` VALUES ('1195350299365969922', '1', '课程分类', '1', null, '/subject', 'Layout', 'example', null, '0', '2019-11-15 22:38:15', '2019-11-15 22:38:15');
INSERT INTO `acl_permission` VALUES ('1195350397751758850', '1195350299365969922', '课程分类列表', '1', null, 'list', '/edu/subject/list', 'table', null, '0', '2019-11-15 22:38:38', '2019-11-15 22:38:38');
INSERT INTO `acl_permission` VALUES ('1195350500512206850', '1195350299365969922', '导入课程分类', '1', null, 'save', '/edu/subject/save', 'tree', null, '0', '2019-11-15 22:39:03', '2019-11-15 22:39:03');
INSERT INTO `acl_permission` VALUES ('1195350612172967938', '1195350397751758850', '查看', '2', 'subject.list', '', '', null, null, '0', '2019-11-15 22:39:29', '2019-11-15 22:39:29');
INSERT INTO `acl_permission` VALUES ('1195350687590748161', '1195350500512206850', '导入', '2', 'subject.import', '', '', null, null, '0', '2019-11-15 22:39:47', '2019-11-15 22:39:47');
INSERT INTO `acl_permission` VALUES ('1195350831744782337', '1', '课程管理', '1', null, '/course', 'Layout', 'example', null, '0', '2019-11-15 22:40:21', '2019-11-15 22:40:21');
INSERT INTO `acl_permission` VALUES ('1195350919074385921', '1195350831744782337', '课程列表', '1', null, 'list', '/edu/course/list', 'table', null, '0', '2019-11-15 22:40:42', '2019-11-15 22:40:42');
INSERT INTO `acl_permission` VALUES ('1195351020463296513', '1195350831744782337', '发布课程', '1', null, 'info', '/edu/course/info', 'tree', null, '0', '2019-11-15 22:41:06', '2019-11-15 22:41:06');
INSERT INTO `acl_permission` VALUES ('1195351159672246274', '1195350919074385921', '完成发布', '2', 'course.publish', 'publish/:id', '/edu/course/publish', 'tree', null, '0', '2019-11-15 22:41:40', '2019-11-15 22:44:01');
INSERT INTO `acl_permission` VALUES ('1195351326706208770', '1195350919074385921', '编辑课程', '2', 'course.update', 'info/:id', '/edu/course/info', 'tree', null, '0', '2019-11-15 22:42:19', '2019-11-15 22:42:19');
INSERT INTO `acl_permission` VALUES ('1195351566221938690', '1195350919074385921', '编辑课程大纲', '2', 'chapter.update', 'chapter/:id', '/edu/course/chapter', 'tree', null, '0', '2019-11-15 22:43:17', '2019-11-15 22:43:17');
INSERT INTO `acl_permission` VALUES ('1195351862889254913', '1', '统计分析', '1', null, '/sta', 'Layout', 'example', null, '0', '2019-11-15 22:44:27', '2019-11-15 22:44:27');
INSERT INTO `acl_permission` VALUES ('1195351968841568257', '1195351862889254913', '生成统计', '1', null, 'data', '/edu/statistic/data', 'form', null, '0', '2019-11-15 22:44:53', '2019-11-15 22:44:53');
INSERT INTO `acl_permission` VALUES ('1195352054917074946', '1195351862889254913', '统计图表', '1', null, 'chart', '/edu/statistic/chart', 'table', null, '0', '2019-11-15 22:45:13', '2019-11-15 22:45:13');
INSERT INTO `acl_permission` VALUES ('1195352127734386690', '1195352054917074946', '查看', '2', 'daily.list', '', '', null, null, '0', '2019-11-15 22:45:30', '2019-11-15 22:45:30');
INSERT INTO `acl_permission` VALUES ('1195352215768633346', '1195351968841568257', '生成', '2', 'daily.add', '', '', null, null, '0', '2019-11-15 22:45:51', '2019-11-15 22:45:51');
INSERT INTO `acl_permission` VALUES ('1196301740985311234', '1195268616021139457', '分配角色', '2', 'user.assgin', 'user/role/:id', '/acl/user/roleForm', null, null, '0', '2019-11-18 13:38:56', '2019-11-18 13:38:56');

-- ----------------------------
-- Table structure for acl_role
-- ----------------------------
DROP TABLE IF EXISTS `acl_role`;
CREATE TABLE `acl_role` (
  `id` char(19) NOT NULL DEFAULT '' COMMENT '角色id',
  `role_name` varchar(20) NOT NULL DEFAULT '' COMMENT '角色名称',
  `role_code` varchar(20) DEFAULT NULL COMMENT '角色编码',
  `remark` varchar(255) DEFAULT NULL COMMENT '备注',
  `is_deleted` tinyint unsigned NOT NULL DEFAULT '0' COMMENT '逻辑删除 1（true）已删除， 0（false）未删除',
  `gmt_create` datetime NOT NULL COMMENT '创建时间',
  `gmt_modified` datetime NOT NULL COMMENT '更新时间',
  PRIMARY KEY (`id`)
) ENGINE=InnoDB DEFAULT CHARSET=utf8mb3;

-- ----------------------------
-- Records of acl_role
-- ----------------------------
INSERT INTO `acl_role` VALUES ('1', '普通管理员', null, null, '0', '2019-11-11 13:09:32', '2019-11-18 10:27:18');
INSERT INTO `acl_role` VALUES ('1193757683205607426', '课程管理员', null, null, '0', '2019-11-11 13:09:45', '2019-11-18 10:25:44');
INSERT INTO `acl_role` VALUES ('1508803892496838658', '超级管理员', null, null, '0', '2022-03-29 21:50:55', '2022-03-29 21:50:55');

-- ----------------------------
-- Table structure for acl_role_permission
-- ----------------------------
DROP TABLE IF EXISTS `acl_role_permission`;
CREATE TABLE `acl_role_permission` (
  `id` char(19) NOT NULL DEFAULT '',
  `role_id` char(19) NOT NULL DEFAULT '',
  `permission_id` char(19) NOT NULL DEFAULT '',
  `is_deleted` tinyint unsigned NOT NULL DEFAULT '0' COMMENT '逻辑删除 1（true）已删除， 0（false）未删除',
  `gmt_create` datetime NOT NULL COMMENT '创建时间',
  `gmt_modified` datetime NOT NULL COMMENT '更新时间',
  PRIMARY KEY (`id`),
  KEY `idx_role_id` (`role_id`),
  KEY `idx_permission_id` (`permission_id`)
) ENGINE=InnoDB DEFAULT CHARSET=utf8mb3 COMMENT='角色权限';

-- ----------------------------
-- Records of acl_role_permission
-- ----------------------------
INSERT INTO `acl_role_permission` VALUES ('1196301979754455041', '1', '1', '1', '2019-11-18 13:39:53', '2019-11-18 13:39:53');
INSERT INTO `acl_role_permission` VALUES ('1196301979792203778', '1', '1195268474480156673', '1', '2019-11-18 13:39:53', '2019-11-18 13:39:53');
INSERT INTO `acl_role_permission` VALUES ('1196301979821563906', '1', '1195268616021139457', '1', '2019-11-18 13:39:53', '2019-11-18 13:39:53');
INSERT INTO `acl_role_permission` VALUES ('1196301979842535426', '1', '1195269143060602882', '1', '2019-11-18 13:39:53', '2019-11-18 13:39:53');
INSERT INTO `acl_role_permission` VALUES ('1196301979855118338', '1', '1195269295926206466', '1', '2019-11-18 13:39:53', '2019-11-18 13:39:53');
INSERT INTO `acl_role_permission` VALUES ('1196301979880284161', '1', '1195269473479483394', '1', '2019-11-18 13:39:53', '2019-11-18 13:39:53');
INSERT INTO `acl_role_permission` VALUES ('1196301979913838593', '1', '1195269547269873666', '1', '2019-11-18 13:39:53', '2019-11-18 13:39:53');
INSERT INTO `acl_role_permission` VALUES ('1196301979926421506', '1', '1196301740985311234', '1', '2019-11-18 13:39:53', '2019-11-18 13:39:53');
INSERT INTO `acl_role_permission` VALUES ('1196301979951587330', '1', '1195268788138598401', '1', '2019-11-18 13:39:53', '2019-11-18 13:39:53');
INSERT INTO `acl_role_permission` VALUES ('1196301980014501889', '1', '1195269821262782465', '1', '2019-11-18 13:39:53', '2019-11-18 13:39:53');
INSERT INTO `acl_role_permission` VALUES ('1196301980035473410', '1', '1195269903542444034', '1', '2019-11-18 13:39:53', '2019-11-18 13:39:53');
INSERT INTO `acl_role_permission` VALUES ('1196301980052250626', '1', '1195270037005197313', '1', '2019-11-18 13:39:53', '2019-11-18 13:39:53');
INSERT INTO `acl_role_permission` VALUES ('1196301980077416450', '1', '1195270442602782721', '1', '2019-11-18 13:39:53', '2019-11-18 13:39:53');
INSERT INTO `acl_role_permission` VALUES ('1196301980094193665', '1', '1195270621548568578', '1', '2019-11-18 13:39:53', '2019-11-18 13:39:53');
INSERT INTO `acl_role_permission` VALUES ('1196301980119359489', '1', '1195268893830864898', '1', '2019-11-18 13:39:53', '2019-11-18 13:39:53');
INSERT INTO `acl_role_permission` VALUES ('1196301980136136706', '1', '1195270744097742849', '1', '2019-11-18 13:39:53', '2019-11-18 13:39:53');
INSERT INTO `acl_role_permission` VALUES ('1196301980249382913', '1', '1195270810560684034', '1', '2019-11-18 13:39:53', '2019-11-18 13:39:53');
INSERT INTO `acl_role_permission` VALUES ('1196301980270354434', '1', '1195270862100291586', '1', '2019-11-18 13:39:53', '2019-11-18 13:39:53');
INSERT INTO `acl_role_permission` VALUES ('1196301980287131649', '1', '1195270887933009922', '1', '2019-11-18 13:39:53', '2019-11-18 13:39:53');
INSERT INTO `acl_role_permission` VALUES ('1196301980303908866', '1', '1195349439240048642', '1', '2019-11-18 13:39:53', '2019-11-18 13:39:53');
INSERT INTO `acl_role_permission` VALUES ('1196301980320686082', '1', '1195349699995734017', '1', '2019-11-18 13:39:53', '2019-11-18 13:39:53');
INSERT INTO `acl_role_permission` VALUES ('1196301980345851905', '1', '1195349979797753857', '1', '2019-11-18 13:39:53', '2019-11-18 13:39:53');
INSERT INTO `acl_role_permission` VALUES ('1196301980362629121', '1', '1195350117270261762', '1', '2019-11-18 13:39:53', '2019-11-18 13:39:53');
INSERT INTO `acl_role_permission` VALUES ('1196301980383600641', '1', '1195350188359520258', '1', '2019-11-18 13:39:53', '2019-11-18 13:39:53');
INSERT INTO `acl_role_permission` VALUES ('1196301980408766465', '1', '1195349810561781761', '1', '2019-11-18 13:39:53', '2019-11-18 13:39:53');
INSERT INTO `acl_role_permission` VALUES ('1196301980421349378', '1', '1195349876252971010', '1', '2019-11-18 13:39:53', '2019-11-18 13:39:53');
INSERT INTO `acl_role_permission` VALUES ('1196301980438126593', '1', '1195350299365969922', '1', '2019-11-18 13:39:53', '2019-11-18 13:39:53');
INSERT INTO `acl_role_permission` VALUES ('1196301980450709506', '1', '1195350397751758850', '1', '2019-11-18 13:39:53', '2019-11-18 13:39:53');
INSERT INTO `acl_role_permission` VALUES ('1196301980501041153', '1', '1195350612172967938', '1', '2019-11-18 13:39:53', '2019-11-18 13:39:53');
INSERT INTO `acl_role_permission` VALUES ('1196301980517818370', '1', '1195350500512206850', '1', '2019-11-18 13:39:53', '2019-11-18 13:39:53');
INSERT INTO `acl_role_permission` VALUES ('1196301980538789889', '1', '1195350687590748161', '1', '2019-11-18 13:39:53', '2019-11-18 13:39:53');
INSERT INTO `acl_role_permission` VALUES ('1196301980622675970', '1', '1195350831744782337', '1', '2019-11-18 13:39:53', '2019-11-18 13:39:53');
INSERT INTO `acl_role_permission` VALUES ('1196301980639453186', '1', '1195350919074385921', '1', '2019-11-18 13:39:53', '2019-11-18 13:39:53');
INSERT INTO `acl_role_permission` VALUES ('1196301980660424705', '1', '1195351159672246274', '1', '2019-11-18 13:39:53', '2019-11-18 13:39:53');
INSERT INTO `acl_role_permission` VALUES ('1196301980677201922', '1', '1195351326706208770', '1', '2019-11-18 13:39:53', '2019-11-18 13:39:53');
INSERT INTO `acl_role_permission` VALUES ('1196301980698173441', '1', '1195351566221938690', '1', '2019-11-18 13:39:53', '2019-11-18 13:39:53');
INSERT INTO `acl_role_permission` VALUES ('1196301980714950658', '1', '1195351020463296513', '1', '2019-11-18 13:39:53', '2019-11-18 13:39:53');
INSERT INTO `acl_role_permission` VALUES ('1196301980723339266', '1', '1195351862889254913', '1', '2019-11-18 13:39:53', '2019-11-18 13:39:53');
INSERT INTO `acl_role_permission` VALUES ('1196301980744310786', '1', '1195351968841568257', '1', '2019-11-18 13:39:53', '2019-11-18 13:39:53');
INSERT INTO `acl_role_permission` VALUES ('1196301980761088001', '1', '1195352215768633346', '1', '2019-11-18 13:39:53', '2019-11-18 13:39:53');
INSERT INTO `acl_role_permission` VALUES ('1196301980777865217', '1', '1195352054917074946', '1', '2019-11-18 13:39:53', '2019-11-18 13:39:53');
INSERT INTO `acl_role_permission` VALUES ('1196301980794642434', '1', '1195352127734386690', '1', '2019-11-18 13:39:53', '2019-11-18 13:39:53');
INSERT INTO `acl_role_permission` VALUES ('1196301980811419650', '1', '1195352547621965825', '1', '2019-11-18 13:39:53', '2019-11-18 13:39:53');
INSERT INTO `acl_role_permission` VALUES ('1196301980828196865', '1', '1195353513549205505', '1', '2019-11-18 13:39:53', '2019-11-18 13:39:53');
INSERT INTO `acl_role_permission` VALUES ('1196301980844974082', '1', '1195352856645701633', '1', '2019-11-18 13:39:53', '2019-11-18 13:39:53');
INSERT INTO `acl_role_permission` VALUES ('1196301980861751298', '1', '1195352909401657346', '1', '2019-11-18 13:39:53', '2019-11-18 13:39:53');
INSERT INTO `acl_role_permission` VALUES ('1196301980886917122', '1', '1195353051395624961', '1', '2019-11-18 13:39:53', '2019-11-18 13:39:53');
INSERT INTO `acl_role_permission` VALUES ('1196301980928860162', '1', '1195353672110673921', '1', '2019-11-18 13:39:53', '2019-11-18 13:39:53');
INSERT INTO `acl_role_permission` VALUES ('1196301980954025986', '1', '1195354076890370050', '1', '2019-11-18 13:39:53', '2019-11-18 13:39:53');
INSERT INTO `acl_role_permission` VALUES ('1196301980970803201', '1', '1195354153482555393', '1', '2019-11-18 13:39:53', '2019-11-18 13:39:53');
INSERT INTO `acl_role_permission` VALUES ('1196301980987580418', '1', '1195354315093282817', '1', '2019-11-18 13:39:53', '2019-11-18 13:39:53');
INSERT INTO `acl_role_permission` VALUES ('1196305293070077953', '1', '1', '1', '2019-11-18 13:53:03', '2019-11-18 13:53:03');
INSERT INTO `acl_role_permission` VALUES ('1196305293099438081', '1', '1195268474480156673', '1', '2019-11-18 13:53:03', '2019-11-18 13:53:03');
INSERT INTO `acl_role_permission` VALUES ('1196305293120409602', '1', '1195268616021139457', '1', '2019-11-18 13:53:03', '2019-11-18 13:53:03');
INSERT INTO `acl_role_permission` VALUES ('1196305293153964034', '1', '1195269143060602882', '1', '2019-11-18 13:53:03', '2019-11-18 13:53:03');
INSERT INTO `acl_role_permission` VALUES ('1196305293183324162', '1', '1195269295926206466', '1', '2019-11-18 13:53:03', '2019-11-18 13:53:03');
INSERT INTO `acl_role_permission` VALUES ('1196305293212684290', '1', '1195269473479483394', '1', '2019-11-18 13:53:03', '2019-11-18 13:53:03');
INSERT INTO `acl_role_permission` VALUES ('1196305293237850114', '1', '1195269547269873666', '1', '2019-11-18 13:53:03', '2019-11-18 13:53:03');
INSERT INTO `acl_role_permission` VALUES ('1196305293271404545', '1', '1196301740985311234', '1', '2019-11-18 13:53:03', '2019-11-18 13:53:03');
INSERT INTO `acl_role_permission` VALUES ('1196305293485314049', '1', '1195268788138598401', '1', '2019-11-18 13:53:03', '2019-11-18 13:53:03');
INSERT INTO `acl_role_permission` VALUES ('1196305293506285569', '1', '1195269821262782465', '1', '2019-11-18 13:53:03', '2019-11-18 13:53:03');
INSERT INTO `acl_role_permission` VALUES ('1196305293527257089', '1', '1195269903542444034', '1', '2019-11-18 13:53:03', '2019-11-18 13:53:03');
INSERT INTO `acl_role_permission` VALUES ('1196305293552422914', '1', '1195270037005197313', '1', '2019-11-18 13:53:03', '2019-11-18 13:53:03');
INSERT INTO `acl_role_permission` VALUES ('1196305293565005825', '1', '1195270442602782721', '1', '2019-11-18 13:53:03', '2019-11-18 13:53:03');
INSERT INTO `acl_role_permission` VALUES ('1196305293594365954', '1', '1195270621548568578', '1', '2019-11-18 13:53:03', '2019-11-18 13:53:03');
INSERT INTO `acl_role_permission` VALUES ('1196305293611143169', '1', '1195268893830864898', '1', '2019-11-18 13:53:03', '2019-11-18 13:53:03');
INSERT INTO `acl_role_permission` VALUES ('1196305293627920385', '1', '1195270744097742849', '1', '2019-11-18 13:53:03', '2019-11-18 13:53:03');
INSERT INTO `acl_role_permission` VALUES ('1196305293657280513', '1', '1195349439240048642', '1', '2019-11-18 13:53:03', '2019-11-18 13:53:03');
INSERT INTO `acl_role_permission` VALUES ('1196305293674057729', '1', '1195349699995734017', '1', '2019-11-18 13:53:03', '2019-11-18 13:53:03');
INSERT INTO `acl_role_permission` VALUES ('1196305293690834946', '1', '1195349979797753857', '1', '2019-11-18 13:53:03', '2019-11-18 13:53:03');
INSERT INTO `acl_role_permission` VALUES ('1196305293716000770', '1', '1195350117270261762', '1', '2019-11-18 13:53:03', '2019-11-18 13:53:03');
INSERT INTO `acl_role_permission` VALUES ('1196305293736972290', '1', '1195350188359520258', '1', '2019-11-18 13:53:03', '2019-11-18 13:53:03');
INSERT INTO `acl_role_permission` VALUES ('1196305293749555202', '1', '1195349810561781761', '1', '2019-11-18 13:53:03', '2019-11-18 13:53:03');
INSERT INTO `acl_role_permission` VALUES ('1196305293766332417', '1', '1195349876252971010', '1', '2019-11-18 13:53:03', '2019-11-18 13:53:03');
INSERT INTO `acl_role_permission` VALUES ('1196305293795692546', '1', '1195350299365969922', '1', '2019-11-18 13:53:03', '2019-11-18 13:53:03');
INSERT INTO `acl_role_permission` VALUES ('1196305293812469762', '1', '1195350397751758850', '1', '2019-11-18 13:53:03', '2019-11-18 13:53:03');
INSERT INTO `acl_role_permission` VALUES ('1196305293837635586', '1', '1195350612172967938', '1', '2019-11-18 13:53:03', '2019-11-18 13:53:03');
INSERT INTO `acl_role_permission` VALUES ('1196305293858607106', '1', '1195350500512206850', '1', '2019-11-18 13:53:03', '2019-11-18 13:53:03');
INSERT INTO `acl_role_permission` VALUES ('1196305293875384322', '1', '1195350687590748161', '1', '2019-11-18 13:53:03', '2019-11-18 13:53:03');
INSERT INTO `acl_role_permission` VALUES ('1196305293892161538', '1', '1195350831744782337', '1', '2019-11-18 13:53:03', '2019-11-18 13:53:03');
INSERT INTO `acl_role_permission` VALUES ('1196305293950881794', '1', '1195350919074385921', '1', '2019-11-18 13:53:03', '2019-11-18 13:53:03');
INSERT INTO `acl_role_permission` VALUES ('1196305293976047617', '1', '1195351159672246274', '1', '2019-11-18 13:53:03', '2019-11-18 13:53:03');
INSERT INTO `acl_role_permission` VALUES ('1196305294127042561', '1', '1195351326706208770', '1', '2019-11-18 13:53:03', '2019-11-18 13:53:03');
INSERT INTO `acl_role_permission` VALUES ('1196305294156402690', '1', '1195351566221938690', '1', '2019-11-18 13:53:03', '2019-11-18 13:53:03');
INSERT INTO `acl_role_permission` VALUES ('1196305294177374209', '1', '1195351862889254913', '1', '2019-11-18 13:53:03', '2019-11-18 13:53:03');
INSERT INTO `acl_role_permission` VALUES ('1196305294194151425', '1', '1195351968841568257', '1', '2019-11-18 13:53:03', '2019-11-18 13:53:03');
INSERT INTO `acl_role_permission` VALUES ('1196305294223511554', '1', '1195352215768633346', '1', '2019-11-18 13:53:03', '2019-11-18 13:53:03');
INSERT INTO `acl_role_permission` VALUES ('1196305294240288770', '1', '1195352054917074946', '1', '2019-11-18 13:53:03', '2019-11-18 13:53:03');
INSERT INTO `acl_role_permission` VALUES ('1196305294248677377', '1', '1195352127734386690', '1', '2019-11-18 13:53:03', '2019-11-18 13:53:03');
INSERT INTO `acl_role_permission` VALUES ('1196305294248677378', '1', '1195352547621965825', '1', '2019-11-18 13:53:03', '2019-11-18 13:53:03');
INSERT INTO `acl_role_permission` VALUES ('1196305294319980546', '1', '1195353513549205505', '1', '2019-11-18 13:53:03', '2019-11-18 13:53:03');
INSERT INTO `acl_role_permission` VALUES ('1196305294319980547', '1', '1195352856645701633', '1', '2019-11-18 13:53:03', '2019-11-18 13:53:03');
INSERT INTO `acl_role_permission` VALUES ('1196305294319980548', '1', '1195352909401657346', '1', '2019-11-18 13:53:03', '2019-11-18 13:53:03');
INSERT INTO `acl_role_permission` VALUES ('1196305294378700802', '1', '1195353051395624961', '1', '2019-11-18 13:53:03', '2019-11-18 13:53:03');
INSERT INTO `acl_role_permission` VALUES ('1196305294378700803', '1', '1195353672110673921', '1', '2019-11-18 13:53:03', '2019-11-18 13:53:03');
INSERT INTO `acl_role_permission` VALUES ('1196305294458392577', '1', '1195354076890370050', '1', '2019-11-18 13:53:03', '2019-11-18 13:53:03');
INSERT INTO `acl_role_permission` VALUES ('1196305294483558402', '1', '1195354153482555393', '1', '2019-11-18 13:53:03', '2019-11-18 13:53:03');
INSERT INTO `acl_role_permission` VALUES ('1196305294500335618', '1', '1195354315093282817', '1', '2019-11-18 13:53:03', '2019-11-18 13:53:03');
INSERT INTO `acl_role_permission` VALUES ('1196305566656139266', '1', '1', '1', '2019-11-18 13:54:08', '2019-11-18 13:54:08');
INSERT INTO `acl_role_permission` VALUES ('1196305566689693698', '1', '1195268474480156673', '1', '2019-11-18 13:54:08', '2019-11-18 13:54:08');
INSERT INTO `acl_role_permission` VALUES ('1196305566706470913', '1', '1195268616021139457', '1', '2019-11-18 13:54:08', '2019-11-18 13:54:08');
INSERT INTO `acl_role_permission` VALUES ('1196305566740025346', '1', '1195269143060602882', '1', '2019-11-18 13:54:08', '2019-11-18 13:54:08');
INSERT INTO `acl_role_permission` VALUES ('1196305566756802561', '1', '1195269295926206466', '1', '2019-11-18 13:54:08', '2019-11-18 13:54:08');
INSERT INTO `acl_role_permission` VALUES ('1196305566781968385', '1', '1195269473479483394', '1', '2019-11-18 13:54:08', '2019-11-18 13:54:08');
INSERT INTO `acl_role_permission` VALUES ('1196305566811328514', '1', '1195269547269873666', '1', '2019-11-18 13:54:08', '2019-11-18 13:54:08');
INSERT INTO `acl_role_permission` VALUES ('1196305566828105730', '1', '1196301740985311234', '1', '2019-11-18 13:54:08', '2019-11-18 13:54:08');
INSERT INTO `acl_role_permission` VALUES ('1196305566853271554', '1', '1195268788138598401', '1', '2019-11-18 13:54:08', '2019-11-18 13:54:08');
INSERT INTO `acl_role_permission` VALUES ('1196305566878437378', '1', '1195269821262782465', '1', '2019-11-18 13:54:08', '2019-11-18 13:54:08');
INSERT INTO `acl_role_permission` VALUES ('1196305566895214593', '1', '1195269903542444034', '1', '2019-11-18 13:54:08', '2019-11-18 13:54:08');
INSERT INTO `acl_role_permission` VALUES ('1196305566916186113', '1', '1195270037005197313', '1', '2019-11-18 13:54:08', '2019-11-18 13:54:08');
INSERT INTO `acl_role_permission` VALUES ('1196305566949740546', '1', '1195270442602782721', '1', '2019-11-18 13:54:08', '2019-11-18 13:54:08');
INSERT INTO `acl_role_permission` VALUES ('1196305566966517761', '1', '1195270621548568578', '1', '2019-11-18 13:54:08', '2019-11-18 13:54:08');
INSERT INTO `acl_role_permission` VALUES ('1196305566991683585', '1', '1195268893830864898', '1', '2019-11-18 13:54:08', '2019-11-18 13:54:08');
INSERT INTO `acl_role_permission` VALUES ('1196305567012655106', '1', '1195270744097742849', '1', '2019-11-18 13:54:08', '2019-11-18 13:54:08');
INSERT INTO `acl_role_permission` VALUES ('1196305567029432322', '1', '1195270810560684034', '1', '2019-11-18 13:54:08', '2019-11-18 13:54:08');
INSERT INTO `acl_role_permission` VALUES ('1196305567042015233', '1', '1195270862100291586', '1', '2019-11-18 13:54:08', '2019-11-18 13:54:08');
INSERT INTO `acl_role_permission` VALUES ('1196305567100735490', '1', '1195270887933009922', '1', '2019-11-18 13:54:08', '2019-11-18 13:54:08');
INSERT INTO `acl_role_permission` VALUES ('1196305567117512705', '1', '1195349439240048642', '1', '2019-11-18 13:54:08', '2019-11-18 13:54:08');
INSERT INTO `acl_role_permission` VALUES ('1196305567142678530', '1', '1195349699995734017', '1', '2019-11-18 13:54:08', '2019-11-18 13:54:08');
INSERT INTO `acl_role_permission` VALUES ('1196305567155261442', '1', '1195349979797753857', '1', '2019-11-18 13:54:08', '2019-11-18 13:54:08');
INSERT INTO `acl_role_permission` VALUES ('1196305567172038658', '1', '1195350117270261762', '1', '2019-11-18 13:54:08', '2019-11-18 13:54:08');
INSERT INTO `acl_role_permission` VALUES ('1196305567188815873', '1', '1195350188359520258', '1', '2019-11-18 13:54:08', '2019-11-18 13:54:08');
INSERT INTO `acl_role_permission` VALUES ('1196305567218176001', '1', '1195349810561781761', '1', '2019-11-18 13:54:08', '2019-11-18 13:54:08');
INSERT INTO `acl_role_permission` VALUES ('1196305567234953217', '1', '1195349876252971010', '1', '2019-11-18 13:54:08', '2019-11-18 13:54:08');
INSERT INTO `acl_role_permission` VALUES ('1196305567251730434', '1', '1195350299365969922', '1', '2019-11-18 13:54:08', '2019-11-18 13:54:08');
INSERT INTO `acl_role_permission` VALUES ('1196305567272701954', '1', '1195350397751758850', '1', '2019-11-18 13:54:08', '2019-11-18 13:54:08');
INSERT INTO `acl_role_permission` VALUES ('1196305567289479170', '1', '1195350612172967938', '1', '2019-11-18 13:54:08', '2019-11-18 13:54:08');
INSERT INTO `acl_role_permission` VALUES ('1196305567310450690', '1', '1195350500512206850', '1', '2019-11-18 13:54:08', '2019-11-18 13:54:08');
INSERT INTO `acl_role_permission` VALUES ('1196305567327227905', '1', '1195350687590748161', '1', '2019-11-18 13:54:08', '2019-11-18 13:54:08');
INSERT INTO `acl_role_permission` VALUES ('1196305567448862722', '1', '1195350831744782337', '1', '2019-11-18 13:54:08', '2019-11-18 13:54:08');
INSERT INTO `acl_role_permission` VALUES ('1196305567478222850', '1', '1195350919074385921', '1', '2019-11-18 13:54:08', '2019-11-18 13:54:08');
INSERT INTO `acl_role_permission` VALUES ('1196305567495000065', '1', '1195351159672246274', '1', '2019-11-18 13:54:08', '2019-11-18 13:54:08');
INSERT INTO `acl_role_permission` VALUES ('1196305567520165889', '1', '1195351326706208770', '1', '2019-11-18 13:54:08', '2019-11-18 13:54:08');
INSERT INTO `acl_role_permission` VALUES ('1196305567541137409', '1', '1195351566221938690', '1', '2019-11-18 13:54:08', '2019-11-18 13:54:08');
INSERT INTO `acl_role_permission` VALUES ('1196305567570497538', '1', '1195351862889254913', '1', '2019-11-18 13:54:08', '2019-11-18 13:54:08');
INSERT INTO `acl_role_permission` VALUES ('1196305567587274754', '1', '1195351968841568257', '1', '2019-11-18 13:54:08', '2019-11-18 13:54:08');
INSERT INTO `acl_role_permission` VALUES ('1196305567604051970', '1', '1195352215768633346', '1', '2019-11-18 13:54:08', '2019-11-18 13:54:08');
INSERT INTO `acl_role_permission` VALUES ('1196305567633412098', '1', '1195352054917074946', '1', '2019-11-18 13:54:08', '2019-11-18 13:54:08');
INSERT INTO `acl_role_permission` VALUES ('1196305567683743745', '1', '1195352127734386690', '1', '2019-11-18 13:54:08', '2019-11-18 13:54:08');
INSERT INTO `acl_role_permission` VALUES ('1196305567721492481', '1', '1195352547621965825', '1', '2019-11-18 13:54:08', '2019-11-18 13:54:08');
INSERT INTO `acl_role_permission` VALUES ('1196305567742464002', '1', '1195353513549205505', '1', '2019-11-18 13:54:08', '2019-11-18 13:54:08');
INSERT INTO `acl_role_permission` VALUES ('1196305567771824129', '1', '1195352856645701633', '1', '2019-11-18 13:54:08', '2019-11-18 13:54:08');
INSERT INTO `acl_role_permission` VALUES ('1196305567792795650', '1', '1195352909401657346', '1', '2019-11-18 13:54:08', '2019-11-18 13:54:08');
INSERT INTO `acl_role_permission` VALUES ('1196305567809572866', '1', '1195353051395624961', '1', '2019-11-18 13:54:08', '2019-11-18 13:54:08');
INSERT INTO `acl_role_permission` VALUES ('1196305567843127298', '1', '1195353672110673921', '1', '2019-11-18 13:54:08', '2019-11-18 13:54:08');
INSERT INTO `acl_role_permission` VALUES ('1196305567868293122', '1', '1195354076890370050', '1', '2019-11-18 13:54:08', '2019-11-18 13:54:08');
INSERT INTO `acl_role_permission` VALUES ('1196305567885070338', '1', '1195354153482555393', '1', '2019-11-18 13:54:08', '2019-11-18 13:54:08');
INSERT INTO `acl_role_permission` VALUES ('1196305567910236162', '1', '1195354315093282817', '1', '2019-11-18 13:54:08', '2019-11-18 13:54:08');
INSERT INTO `acl_role_permission` VALUES ('1196312702601695234', '1', '1', '0', '2019-11-18 14:22:29', '2019-11-18 14:22:29');
INSERT INTO `acl_role_permission` VALUES ('1196312702652026881', '1', '1195268474480156673', '0', '2019-11-18 14:22:29', '2019-11-18 14:22:29');
INSERT INTO `acl_role_permission` VALUES ('1196312702668804098', '1', '1195268616021139457', '0', '2019-11-18 14:22:29', '2019-11-18 14:22:29');
INSERT INTO `acl_role_permission` VALUES ('1196312702698164226', '1', '1195269143060602882', '0', '2019-11-18 14:22:29', '2019-11-18 14:22:29');
INSERT INTO `acl_role_permission` VALUES ('1196312702723330049', '1', '1195269295926206466', '0', '2019-11-18 14:22:29', '2019-11-18 14:22:29');
INSERT INTO `acl_role_permission` VALUES ('1196312702744301569', '1', '1195269473479483394', '0', '2019-11-18 14:22:29', '2019-11-18 14:22:29');
INSERT INTO `acl_role_permission` VALUES ('1196312702765273089', '1', '1195269547269873666', '0', '2019-11-18 14:22:29', '2019-11-18 14:22:29');
INSERT INTO `acl_role_permission` VALUES ('1196312702790438913', '1', '1196301740985311234', '0', '2019-11-18 14:22:29', '2019-11-18 14:22:29');
INSERT INTO `acl_role_permission` VALUES ('1196312702945628161', '1', '1195268788138598401', '0', '2019-11-18 14:22:29', '2019-11-18 14:22:29');
INSERT INTO `acl_role_permission` VALUES ('1196312702970793985', '1', '1195269821262782465', '0', '2019-11-18 14:22:29', '2019-11-18 14:22:29');
INSERT INTO `acl_role_permission` VALUES ('1196312703000154114', '1', '1195269903542444034', '0', '2019-11-18 14:22:29', '2019-11-18 14:22:29');
INSERT INTO `acl_role_permission` VALUES ('1196312703025319938', '1', '1195270037005197313', '0', '2019-11-18 14:22:29', '2019-11-18 14:22:29');
INSERT INTO `acl_role_permission` VALUES ('1196312703046291458', '1', '1195270442602782721', '0', '2019-11-18 14:22:29', '2019-11-18 14:22:29');
INSERT INTO `acl_role_permission` VALUES ('1196312703063068673', '1', '1195270621548568578', '0', '2019-11-18 14:22:29', '2019-11-18 14:22:29');
INSERT INTO `acl_role_permission` VALUES ('1196312703084040193', '1', '1195268893830864898', '0', '2019-11-18 14:22:29', '2019-11-18 14:22:29');
INSERT INTO `acl_role_permission` VALUES ('1196312703113400321', '1', '1195270744097742849', '0', '2019-11-18 14:22:29', '2019-11-18 14:22:29');
INSERT INTO `acl_role_permission` VALUES ('1196312703134371842', '1', '1195270810560684034', '0', '2019-11-18 14:22:30', '2019-11-18 14:22:30');
INSERT INTO `acl_role_permission` VALUES ('1196312703159537665', '1', '1195270862100291586', '0', '2019-11-18 14:22:30', '2019-11-18 14:22:30');
INSERT INTO `acl_role_permission` VALUES ('1196312703184703490', '1', '1195270887933009922', '0', '2019-11-18 14:22:30', '2019-11-18 14:22:30');
INSERT INTO `acl_role_permission` VALUES ('1196312703209869313', '1', '1195349439240048642', '0', '2019-11-18 14:22:30', '2019-11-18 14:22:30');
INSERT INTO `acl_role_permission` VALUES ('1196312703230840834', '1', '1195349699995734017', '0', '2019-11-18 14:22:30', '2019-11-18 14:22:30');
INSERT INTO `acl_role_permission` VALUES ('1196312703251812354', '1', '1195349979797753857', '0', '2019-11-18 14:22:30', '2019-11-18 14:22:30');
INSERT INTO `acl_role_permission` VALUES ('1196312703272783873', '1', '1195350117270261762', '0', '2019-11-18 14:22:30', '2019-11-18 14:22:30');
INSERT INTO `acl_role_permission` VALUES ('1196312703293755394', '1', '1195350188359520258', '0', '2019-11-18 14:22:30', '2019-11-18 14:22:30');
INSERT INTO `acl_role_permission` VALUES ('1196312703327309826', '1', '1195349810561781761', '0', '2019-11-18 14:22:30', '2019-11-18 14:22:30');
INSERT INTO `acl_role_permission` VALUES ('1196312703348281345', '1', '1195349876252971010', '0', '2019-11-18 14:22:30', '2019-11-18 14:22:30');
INSERT INTO `acl_role_permission` VALUES ('1196312703365058561', '1', '1195350299365969922', '0', '2019-11-18 14:22:30', '2019-11-18 14:22:30');
INSERT INTO `acl_role_permission` VALUES ('1196312703386030082', '1', '1195350397751758850', '0', '2019-11-18 14:22:30', '2019-11-18 14:22:30');
INSERT INTO `acl_role_permission` VALUES ('1196312703440556034', '1', '1195350612172967938', '0', '2019-11-18 14:22:30', '2019-11-18 14:22:30');
INSERT INTO `acl_role_permission` VALUES ('1196312703486693378', '1', '1195350500512206850', '0', '2019-11-18 14:22:30', '2019-11-18 14:22:30');
INSERT INTO `acl_role_permission` VALUES ('1196312703511859202', '1', '1195350687590748161', '0', '2019-11-18 14:22:30', '2019-11-18 14:22:30');
INSERT INTO `acl_role_permission` VALUES ('1196312703654465537', '1', '1195350831744782337', '0', '2019-11-18 14:22:30', '2019-11-18 14:22:30');
INSERT INTO `acl_role_permission` VALUES ('1196312703683825665', '1', '1195350919074385921', '0', '2019-11-18 14:22:30', '2019-11-18 14:22:30');
INSERT INTO `acl_role_permission` VALUES ('1196312703700602882', '1', '1195351159672246274', '0', '2019-11-18 14:22:30', '2019-11-18 14:22:30');
INSERT INTO `acl_role_permission` VALUES ('1196312703717380098', '1', '1195351326706208770', '0', '2019-11-18 14:22:30', '2019-11-18 14:22:30');
INSERT INTO `acl_role_permission` VALUES ('1196312703738351618', '1', '1195351566221938690', '0', '2019-11-18 14:22:30', '2019-11-18 14:22:30');
INSERT INTO `acl_role_permission` VALUES ('1196312703759323137', '1', '1195351020463296513', '0', '2019-11-18 14:22:30', '2019-11-18 14:22:30');
INSERT INTO `acl_role_permission` VALUES ('1196312703776100353', '1', '1195351862889254913', '0', '2019-11-18 14:22:30', '2019-11-18 14:22:30');
INSERT INTO `acl_role_permission` VALUES ('1196312703792877570', '1', '1195351968841568257', '0', '2019-11-18 14:22:30', '2019-11-18 14:22:30');
INSERT INTO `acl_role_permission` VALUES ('1196312703830626305', '1', '1195352215768633346', '0', '2019-11-18 14:22:30', '2019-11-18 14:22:30');
INSERT INTO `acl_role_permission` VALUES ('1196312703843209217', '1', '1195352054917074946', '0', '2019-11-18 14:22:30', '2019-11-18 14:22:30');
INSERT INTO `acl_role_permission` VALUES ('1196312703868375041', '1', '1195352127734386690', '0', '2019-11-18 14:22:30', '2019-11-18 14:22:30');
INSERT INTO `acl_role_permission` VALUES ('1196312703889346561', '1', '1195352547621965825', '0', '2019-11-18 14:22:30', '2019-11-18 14:22:30');
INSERT INTO `acl_role_permission` VALUES ('1196312703901929473', '1', '1195353513549205505', '0', '2019-11-18 14:22:30', '2019-11-18 14:22:30');
INSERT INTO `acl_role_permission` VALUES ('1196312703918706689', '1', '1195352856645701633', '0', '2019-11-18 14:22:30', '2019-11-18 14:22:30');
INSERT INTO `acl_role_permission` VALUES ('1196312703952261121', '1', '1195352909401657346', '0', '2019-11-18 14:22:30', '2019-11-18 14:22:30');
INSERT INTO `acl_role_permission` VALUES ('1196312703973232642', '1', '1195353051395624961', '0', '2019-11-18 14:22:30', '2019-11-18 14:22:30');
INSERT INTO `acl_role_permission` VALUES ('1196312703990009857', '1', '1195353672110673921', '0', '2019-11-18 14:22:30', '2019-11-18 14:22:30');
INSERT INTO `acl_role_permission` VALUES ('1196312704048730114', '1', '1195354076890370050', '0', '2019-11-18 14:22:30', '2019-11-18 14:22:30');
INSERT INTO `acl_role_permission` VALUES ('1196312704069701633', '1', '1195354153482555393', '0', '2019-11-18 14:22:30', '2019-11-18 14:22:30');
INSERT INTO `acl_role_permission` VALUES ('1196312704094867457', '1', '1195354315093282817', '0', '2019-11-18 14:22:30', '2019-11-18 14:22:30');
INSERT INTO `acl_role_permission` VALUES ('1508708865552723970', '1508708769570271233', '1', '0', '2022-03-29 15:33:19', '2022-03-29 15:33:19');
INSERT INTO `acl_role_permission` VALUES ('1508708865569501186', '1508708769570271233', '1195349439240048642', '0', '2022-03-29 15:33:19', '2022-03-29 15:33:19');
INSERT INTO `acl_role_permission` VALUES ('1508708865586278402', '1508708769570271233', '1195349699995734017', '0', '2022-03-29 15:33:19', '2022-03-29 15:33:19');
INSERT INTO `acl_role_permission` VALUES ('1508708865586278403', '1508708769570271233', '1195349979797753857', '0', '2022-03-29 15:33:19', '2022-03-29 15:33:19');
INSERT INTO `acl_role_permission` VALUES ('1508708865603055618', '1508708769570271233', '1195350117270261762', '0', '2022-03-29 15:33:19', '2022-03-29 15:33:19');
INSERT INTO `acl_role_permission` VALUES ('1508708865615638529', '1508708769570271233', '1195350188359520258', '0', '2022-03-29 15:33:19', '2022-03-29 15:33:19');
INSERT INTO `acl_role_permission` VALUES ('1508708865615638530', '1508708769570271233', '1195349810561781761', '0', '2022-03-29 15:33:19', '2022-03-29 15:33:19');
INSERT INTO `acl_role_permission` VALUES ('1508708865632415746', '1508708769570271233', '1195349876252971010', '0', '2022-03-29 15:33:19', '2022-03-29 15:33:19');
INSERT INTO `acl_role_permission` VALUES ('1508708865649192961', '1508708769570271233', '1195350299365969922', '0', '2022-03-29 15:33:19', '2022-03-29 15:33:19');
INSERT INTO `acl_role_permission` VALUES ('1508708865649192962', '1508708769570271233', '1195350397751758850', '0', '2022-03-29 15:33:19', '2022-03-29 15:33:19');
INSERT INTO `acl_role_permission` VALUES ('1508708865670164481', '1508708769570271233', '1195350612172967938', '0', '2022-03-29 15:33:19', '2022-03-29 15:33:19');
INSERT INTO `acl_role_permission` VALUES ('1508708865670164482', '1508708769570271233', '1195350500512206850', '0', '2022-03-29 15:33:19', '2022-03-29 15:33:19');
INSERT INTO `acl_role_permission` VALUES ('1508708865686941698', '1508708769570271233', '1195350687590748161', '0', '2022-03-29 15:33:19', '2022-03-29 15:33:19');
INSERT INTO `acl_role_permission` VALUES ('1508708865686941699', '1508708769570271233', '1195350831744782337', '0', '2022-03-29 15:33:19', '2022-03-29 15:33:19');
INSERT INTO `acl_role_permission` VALUES ('1508708865703718913', '1508708769570271233', '1195350919074385921', '0', '2022-03-29 15:33:19', '2022-03-29 15:33:19');
INSERT INTO `acl_role_permission` VALUES ('1508708865716301826', '1508708769570271233', '1195351159672246274', '0', '2022-03-29 15:33:19', '2022-03-29 15:33:19');
INSERT INTO `acl_role_permission` VALUES ('1508708865733079041', '1508708769570271233', '1195351326706208770', '0', '2022-03-29 15:33:19', '2022-03-29 15:33:19');
INSERT INTO `acl_role_permission` VALUES ('1508708865733079042', '1508708769570271233', '1195351566221938690', '0', '2022-03-29 15:33:19', '2022-03-29 15:33:19');
INSERT INTO `acl_role_permission` VALUES ('1508708865749856257', '1508708769570271233', '1195351020463296513', '0', '2022-03-29 15:33:19', '2022-03-29 15:33:19');
INSERT INTO `acl_role_permission` VALUES ('1508803942341947393', '1508803892496838658', '1', '0', '2022-03-29 21:51:07', '2022-03-29 21:51:07');
INSERT INTO `acl_role_permission` VALUES ('1508803942358724609', '1508803892496838658', '22', '0', '2022-03-29 21:51:07', '2022-03-29 21:51:07');
INSERT INTO `acl_role_permission` VALUES ('1508803942371307522', '1508803892496838658', '1195268474480156673', '0', '2022-03-29 21:51:07', '2022-03-29 21:51:07');
INSERT INTO `acl_role_permission` VALUES ('1508803942371307523', '1508803892496838658', '1195268616021139457', '0', '2022-03-29 21:51:07', '2022-03-29 21:51:07');
INSERT INTO `acl_role_permission` VALUES ('1508803942388084738', '1508803892496838658', '1195269143060602882', '0', '2022-03-29 21:51:07', '2022-03-29 21:51:07');
INSERT INTO `acl_role_permission` VALUES ('1508803942404861953', '1508803892496838658', '1195269295926206466', '0', '2022-03-29 21:51:07', '2022-03-29 21:51:07');
INSERT INTO `acl_role_permission` VALUES ('1508803942404861954', '1508803892496838658', '1195269473479483394', '0', '2022-03-29 21:51:07', '2022-03-29 21:51:07');
INSERT INTO `acl_role_permission` VALUES ('1508803942417444865', '1508803892496838658', '1195269547269873666', '0', '2022-03-29 21:51:07', '2022-03-29 21:51:07');
INSERT INTO `acl_role_permission` VALUES ('1508803942430027777', '1508803892496838658', '1196301740985311234', '0', '2022-03-29 21:51:07', '2022-03-29 21:51:07');
INSERT INTO `acl_role_permission` VALUES ('1508803942430027778', '1508803892496838658', '1195268788138598401', '0', '2022-03-29 21:51:07', '2022-03-29 21:51:07');
INSERT INTO `acl_role_permission` VALUES ('1508803942446804994', '1508803892496838658', '1195269821262782465', '0', '2022-03-29 21:51:07', '2022-03-29 21:51:07');
INSERT INTO `acl_role_permission` VALUES ('1508803942446804995', '1508803892496838658', '1195269903542444034', '0', '2022-03-29 21:51:07', '2022-03-29 21:51:07');
INSERT INTO `acl_role_permission` VALUES ('1508803942463582209', '1508803892496838658', '1195270037005197313', '0', '2022-03-29 21:51:07', '2022-03-29 21:51:07');
INSERT INTO `acl_role_permission` VALUES ('1508803942476165122', '1508803892496838658', '1195270442602782721', '0', '2022-03-29 21:51:07', '2022-03-29 21:51:07');
INSERT INTO `acl_role_permission` VALUES ('1508803942488748033', '1508803892496838658', '1195270621548568578', '0', '2022-03-29 21:51:07', '2022-03-29 21:51:07');
INSERT INTO `acl_role_permission` VALUES ('1508803942501330946', '1508803892496838658', '1195268893830864898', '0', '2022-03-29 21:51:07', '2022-03-29 21:51:07');
INSERT INTO `acl_role_permission` VALUES ('1508803942513913858', '1508803892496838658', '1195270744097742849', '0', '2022-03-29 21:51:07', '2022-03-29 21:51:07');
INSERT INTO `acl_role_permission` VALUES ('1508803942526496769', '1508803892496838658', '1195270810560684034', '0', '2022-03-29 21:51:07', '2022-03-29 21:51:07');
INSERT INTO `acl_role_permission` VALUES ('1508803942539079681', '1508803892496838658', '1195270862100291586', '0', '2022-03-29 21:51:07', '2022-03-29 21:51:07');
INSERT INTO `acl_role_permission` VALUES ('1508803942539079682', '1508803892496838658', '1195270887933009922', '0', '2022-03-29 21:51:07', '2022-03-29 21:51:07');
INSERT INTO `acl_role_permission` VALUES ('1508803942555856898', '1508803892496838658', '1195349439240048642', '0', '2022-03-29 21:51:07', '2022-03-29 21:51:07');
INSERT INTO `acl_role_permission` VALUES ('1508803942568439810', '1508803892496838658', '1195349699995734017', '0', '2022-03-29 21:51:07', '2022-03-29 21:51:07');
INSERT INTO `acl_role_permission` VALUES ('1508803942568439811', '1508803892496838658', '1195349979797753857', '0', '2022-03-29 21:51:07', '2022-03-29 21:51:07');
INSERT INTO `acl_role_permission` VALUES ('1508803942581022722', '1508803892496838658', '1195350117270261762', '0', '2022-03-29 21:51:07', '2022-03-29 21:51:07');
INSERT INTO `acl_role_permission` VALUES ('1508803942581022723', '1508803892496838658', '1195350188359520258', '0', '2022-03-29 21:51:07', '2022-03-29 21:51:07');
INSERT INTO `acl_role_permission` VALUES ('1508803942597799937', '1508803892496838658', '1195349810561781761', '0', '2022-03-29 21:51:07', '2022-03-29 21:51:07');
INSERT INTO `acl_role_permission` VALUES ('1508803942614577153', '1508803892496838658', '1195349876252971010', '0', '2022-03-29 21:51:07', '2022-03-29 21:51:07');
INSERT INTO `acl_role_permission` VALUES ('1508803942627160066', '1508803892496838658', '1195350299365969922', '0', '2022-03-29 21:51:07', '2022-03-29 21:51:07');
INSERT INTO `acl_role_permission` VALUES ('1508803942627160067', '1508803892496838658', '1195350397751758850', '0', '2022-03-29 21:51:07', '2022-03-29 21:51:07');
INSERT INTO `acl_role_permission` VALUES ('1508803942643937282', '1508803892496838658', '1195350612172967938', '0', '2022-03-29 21:51:07', '2022-03-29 21:51:07');
INSERT INTO `acl_role_permission` VALUES ('1508803942643937283', '1508803892496838658', '1195350500512206850', '0', '2022-03-29 21:51:07', '2022-03-29 21:51:07');
INSERT INTO `acl_role_permission` VALUES ('1508803942660714497', '1508803892496838658', '1195350687590748161', '0', '2022-03-29 21:51:07', '2022-03-29 21:51:07');
INSERT INTO `acl_role_permission` VALUES ('1508803942660714498', '1508803892496838658', '1195350831744782337', '0', '2022-03-29 21:51:07', '2022-03-29 21:51:07');
INSERT INTO `acl_role_permission` VALUES ('1508803942677491714', '1508803892496838658', '1195350919074385921', '0', '2022-03-29 21:51:07', '2022-03-29 21:51:07');
INSERT INTO `acl_role_permission` VALUES ('1508803942694268930', '1508803892496838658', '1195351159672246274', '0', '2022-03-29 21:51:07', '2022-03-29 21:51:07');
INSERT INTO `acl_role_permission` VALUES ('1508803942694268931', '1508803892496838658', '1195351326706208770', '0', '2022-03-29 21:51:07', '2022-03-29 21:51:07');
INSERT INTO `acl_role_permission` VALUES ('1508803942711046146', '1508803892496838658', '1195351566221938690', '0', '2022-03-29 21:51:07', '2022-03-29 21:51:07');
INSERT INTO `acl_role_permission` VALUES ('1508803942723629057', '1508803892496838658', '1195351020463296513', '0', '2022-03-29 21:51:07', '2022-03-29 21:51:07');
INSERT INTO `acl_role_permission` VALUES ('1508803942736211969', '1508803892496838658', '1195351862889254913', '0', '2022-03-29 21:51:07', '2022-03-29 21:51:07');
INSERT INTO `acl_role_permission` VALUES ('1508803942752989186', '1508803892496838658', '1195351968841568257', '0', '2022-03-29 21:51:07', '2022-03-29 21:51:07');
INSERT INTO `acl_role_permission` VALUES ('1508803942752989187', '1508803892496838658', '1195352215768633346', '0', '2022-03-29 21:51:07', '2022-03-29 21:51:07');
INSERT INTO `acl_role_permission` VALUES ('1508803942765572098', '1508803892496838658', '1195352054917074946', '0', '2022-03-29 21:51:07', '2022-03-29 21:51:07');
INSERT INTO `acl_role_permission` VALUES ('1508803942778155010', '1508803892496838658', '1195352127734386690', '0', '2022-03-29 21:51:07', '2022-03-29 21:51:07');
INSERT INTO `acl_role_permission` VALUES ('1508803942778155011', '1508803892496838658', '1195352547621965825', '0', '2022-03-29 21:51:07', '2022-03-29 21:51:07');
INSERT INTO `acl_role_permission` VALUES ('1508803942794932226', '1508803892496838658', '1195353513549205505', '0', '2022-03-29 21:51:07', '2022-03-29 21:51:07');
INSERT INTO `acl_role_permission` VALUES ('1508803942794932227', '1508803892496838658', '1195352856645701633', '0', '2022-03-29 21:51:07', '2022-03-29 21:51:07');
INSERT INTO `acl_role_permission` VALUES ('1508803942811709442', '1508803892496838658', '1195352909401657346', '0', '2022-03-29 21:51:07', '2022-03-29 21:51:07');
INSERT INTO `acl_role_permission` VALUES ('1508803942828486658', '1508803892496838658', '1195353051395624961', '0', '2022-03-29 21:51:07', '2022-03-29 21:51:07');
INSERT INTO `acl_role_permission` VALUES ('1508803942841069570', '1508803892496838658', '1195353672110673921', '0', '2022-03-29 21:51:07', '2022-03-29 21:51:07');
INSERT INTO `acl_role_permission` VALUES ('1508803942841069571', '1508803892496838658', '1195354076890370050', '0', '2022-03-29 21:51:07', '2022-03-29 21:51:07');
INSERT INTO `acl_role_permission` VALUES ('1508803942853652482', '1508803892496838658', '1195354153482555393', '0', '2022-03-29 21:51:07', '2022-03-29 21:51:07');
INSERT INTO `acl_role_permission` VALUES ('1508803942866235393', '1508803892496838658', '1195354315093282817', '0', '2022-03-29 21:51:07', '2022-03-29 21:51:07');

-- ----------------------------
-- Table structure for acl_user
-- ----------------------------
DROP TABLE IF EXISTS `acl_user`;
CREATE TABLE `acl_user` (
  `id` char(19) NOT NULL COMMENT '会员id',
  `username` varchar(20) NOT NULL DEFAULT '' COMMENT '微信openid',
  `password` varchar(32) NOT NULL DEFAULT '' COMMENT '密码',
  `nick_name` varchar(50) DEFAULT NULL COMMENT '昵称',
  `salt` varchar(255) DEFAULT NULL COMMENT '用户头像',
  `token` varchar(100) DEFAULT NULL COMMENT '用户签名',
  `is_deleted` tinyint unsigned NOT NULL DEFAULT '0' COMMENT '逻辑删除 1（true）已删除， 0（false）未删除',
  `gmt_create` datetime NOT NULL COMMENT '创建时间',
  `gmt_modified` datetime NOT NULL COMMENT '更新时间',
  PRIMARY KEY (`id`),
  UNIQUE KEY `uk_username` (`username`)
) ENGINE=InnoDB DEFAULT CHARSET=utf8mb4 COLLATE=utf8mb4_0900_ai_ci COMMENT='用户表';

-- ----------------------------
-- Records of acl_user
-- ----------------------------
INSERT INTO `acl_user` VALUES ('1', 'admin', '96e79218965eb72c92a549dd5a330112', 'admin', '', null, '0', '2019-11-01 10:39:47', '2019-11-01 10:39:47');
INSERT INTO `acl_user` VALUES ('2', 'test', '96e79218965eb72c92a549dd5a330112', 'test', null, null, '0', '2019-11-01 16:36:07', '2019-11-01 16:40:08');

-- ----------------------------
-- Table structure for acl_user_role
-- ----------------------------
DROP TABLE IF EXISTS `acl_user_role`;
CREATE TABLE `acl_user_role` (
  `id` char(19) NOT NULL DEFAULT '' COMMENT '主键id',
  `role_id` char(19) NOT NULL DEFAULT '0' COMMENT '角色id',
  `user_id` char(19) NOT NULL DEFAULT '0' COMMENT '用户id',
  `is_deleted` tinyint unsigned NOT NULL DEFAULT '0' COMMENT '逻辑删除 1（true）已删除， 0（false）未删除',
  `gmt_create` datetime NOT NULL COMMENT '创建时间',
  `gmt_modified` datetime NOT NULL COMMENT '更新时间',
  PRIMARY KEY (`id`),
  KEY `idx_role_id` (`role_id`),
  KEY `idx_user_id` (`user_id`)
) ENGINE=InnoDB DEFAULT CHARSET=utf8mb3;

-- ----------------------------
-- Records of acl_user_role
-- ----------------------------
INSERT INTO `acl_user_role` VALUES ('1508709548716765186', '1508708769570271233', '2', '0', '2022-03-29 15:36:02', '2022-03-29 15:36:02');
INSERT INTO `acl_user_role` VALUES ('1508803980010991618', '1508803892496838658', '1', '0', '2022-03-29 21:51:16', '2022-03-29 21:51:16');

-- ----------------------------
-- Table structure for crm_banner
-- ----------------------------
DROP TABLE IF EXISTS `crm_banner`;
CREATE TABLE `crm_banner` (
  `id` char(19) NOT NULL DEFAULT '' COMMENT 'ID',
  `title` varchar(20) DEFAULT '' COMMENT '标题',
  `image_url` varchar(500) NOT NULL DEFAULT '' COMMENT '图片地址',
  `link_url` varchar(500) DEFAULT '' COMMENT '链接地址',
  `sort` int unsigned NOT NULL DEFAULT '0' COMMENT '排序',
  `is_deleted` tinyint unsigned NOT NULL DEFAULT '0' COMMENT '逻辑删除 1（true）已删除， 0（false）未删除',
  `gmt_create` datetime NOT NULL COMMENT '创建时间',
  `gmt_modified` datetime NOT NULL COMMENT '更新时间',
  PRIMARY KEY (`id`),
  UNIQUE KEY `uk_name` (`title`)
) ENGINE=InnoDB DEFAULT CHARSET=utf8mb4 COLLATE=utf8mb4_0900_ai_ci COMMENT='首页banner表';

-- ----------------------------
-- Records of crm_banner
-- ----------------------------
INSERT INTO `crm_banner` VALUES ('1194556896025845762', 'test1', 'https://online-teach-file.oss-cn-beijing.aliyuncs.com/cms/2019/11/14/297acd3b-b592-4cfb-a446-a28310369675.jpg', '/course', '1', '0', '2019-11-13 18:05:32', '2019-11-18 10:28:22');
INSERT INTO `crm_banner` VALUES ('1194607458461216769', 'test2', 'https://online-teach-file.oss-cn-beijing.aliyuncs.com/cms/2019/11/13/8f80790d-d736-4842-a6a4-4dcb0d684d4e.jpg', '/teacher', '2', '0', '2019-11-13 21:26:27', '2019-11-14 09:12:15');

-- ----------------------------
-- Table structure for edu_chapter
-- ----------------------------
DROP TABLE IF EXISTS `edu_chapter`;
CREATE TABLE `edu_chapter` (
  `id` char(19) NOT NULL COMMENT '章节ID',
  `course_id` char(19) NOT NULL COMMENT '课程ID',
  `title` varchar(50) NOT NULL COMMENT '章节名称',
  `sort` int unsigned NOT NULL DEFAULT '0' COMMENT '显示排序',
  `gmt_create` datetime NOT NULL COMMENT '创建时间',
  `gmt_modified` datetime NOT NULL COMMENT '更新时间',
  PRIMARY KEY (`id`),
  KEY `idx_course_id` (`course_id`)
) ENGINE=InnoDB DEFAULT CHARSET=utf8mb4 COLLATE=utf8mb4_0900_ai_ci ROW_FORMAT=COMPACT COMMENT='课程';

-- ----------------------------
-- Records of edu_chapter
-- ----------------------------
INSERT INTO `edu_chapter` VALUES ('1', '14', '第一章：HTML', '0', '2019-01-01 12:27:40', '2019-01-01 12:55:30');
INSERT INTO `edu_chapter` VALUES ('1192252428399751169', '1192252213659774977', '第一章节', '0', '2019-11-07 09:28:25', '2019-11-07 09:28:25');
INSERT INTO `edu_chapter` VALUES ('1503346358139064321', '1503346332251820034', '第一章', '1', '2022-03-14 20:24:37', '2022-03-14 20:24:37');
INSERT INTO `edu_chapter` VALUES ('1515892288373415938', '1515892256769335297', '章节一', '1', '2022-04-18 11:17:40', '2022-04-18 11:17:40');
INSERT INTO `edu_chapter` VALUES ('1515892314667507714', '1515892256769335297', '章节二', '2', '2022-04-18 11:17:46', '2022-04-18 11:17:46');
INSERT INTO `edu_chapter` VALUES ('1515892547761758209', '1515892493864951809', '章节一', '1', '2022-04-18 11:18:42', '2022-04-18 11:18:42');
INSERT INTO `edu_chapter` VALUES ('1515892579432947713', '1515892493864951809', '章节二', '2', '2022-04-18 11:18:50', '2022-04-18 11:18:50');
INSERT INTO `edu_chapter` VALUES ('3', '14', '第二章：CSS', '0', '2019-01-01 12:55:35', '2019-01-01 12:27:40');

-- ----------------------------
-- Table structure for edu_comment
-- ----------------------------
DROP TABLE IF EXISTS `edu_comment`;
CREATE TABLE `edu_comment` (
  `id` char(19) NOT NULL COMMENT '讲师ID',
  `course_id` varchar(19) NOT NULL DEFAULT '' COMMENT '课程id',
  `teacher_id` char(19) NOT NULL DEFAULT '' COMMENT '讲师id',
  `member_id` varchar(19) NOT NULL DEFAULT '' COMMENT '会员id',
  `nickname` varchar(50) DEFAULT NULL COMMENT '会员昵称',
  `avatar` varchar(255) DEFAULT NULL COMMENT '会员头像',
  `content` varchar(500) DEFAULT NULL COMMENT '评论内容',
  `is_deleted` tinyint unsigned NOT NULL DEFAULT '0' COMMENT '逻辑删除 1（true）已删除， 0（false）未删除',
  `gmt_create` datetime NOT NULL COMMENT '创建时间',
  `gmt_modified` datetime NOT NULL COMMENT '更新时间',
  PRIMARY KEY (`id`),
  KEY `idx_course_id` (`course_id`),
  KEY `idx_teacher_id` (`teacher_id`),
  KEY `idx_member_id` (`member_id`)
) ENGINE=InnoDB DEFAULT CHARSET=utf8mb4 COLLATE=utf8mb4_0900_ai_ci COMMENT='评论';

-- ----------------------------
-- Records of edu_comment
-- ----------------------------
INSERT INTO `edu_comment` VALUES ('1194499162790211585', '1192252213659774977', '1189389726308478977', '1', '小三123', 'https://myimageserver.oss-cn-beijing.aliyuncs.com/img/q101801413428606.jpg', '课程很好', '0', '2019-11-13 14:16:08', '2019-11-13 14:16:08');
INSERT INTO `edu_comment` VALUES ('1194898406466420738', '1192252213659774977', '1189389726308478977', '1', '小三123', 'https://myimageserver.oss-cn-beijing.aliyuncs.com/img/q101801413428606.jpg', '11', '0', '2019-11-14 16:42:35', '2019-11-14 16:42:35');
INSERT INTO `edu_comment` VALUES ('1194898484388200450', '1192252213659774977', '1189389726308478977', '1', '小三123', 'https://myimageserver.oss-cn-beijing.aliyuncs.com/img/q101801413428606.jpg', '111', '0', '2019-11-14 16:42:53', '2019-11-14 16:42:53');
INSERT INTO `edu_comment` VALUES ('1195252819177570306', '1192252213659774977', '1189389726308478977', '1', '小三1231', 'https://myimageserver.oss-cn-beijing.aliyuncs.com/img/q101801413428606.jpg', '55', '0', '2019-11-15 16:10:53', '2019-11-15 16:10:53');
INSERT INTO `edu_comment` VALUES ('1195252899448160258', '1192252213659774977', '1189389726308478977', '1', '小三1231', 'https://myimageserver.oss-cn-beijing.aliyuncs.com/img/q101801413428606.jpg', '55', '0', '2019-11-15 16:11:13', '2019-11-15 16:11:13');
INSERT INTO `edu_comment` VALUES ('1195252920587452417', '1192252213659774977', '1189389726308478977', '1', '小三1231', 'https://myimageserver.oss-cn-beijing.aliyuncs.com/img/q101801413428606.jpg', '223344', '0', '2019-11-15 16:11:18', '2019-11-15 16:11:18');
INSERT INTO `edu_comment` VALUES ('1195262128095559681', '14', '1189389726308478977', '1', '小三1231', 'https://myimageserver.oss-cn-beijing.aliyuncs.com/img/q101801413428606.jpg', '11', '0', '2019-11-15 16:47:53', '2019-11-15 16:47:53');
INSERT INTO `edu_comment` VALUES ('1196264505170767874', '1192252213659774977', '1189389726308478977', '1', '小三1231', 'https://myimageserver.oss-cn-beijing.aliyuncs.com/img/q101801413428606.jpg', '666666', '0', '2019-11-18 11:10:58', '2019-11-18 11:10:58');

-- ----------------------------
-- Table structure for edu_course
-- ----------------------------
DROP TABLE IF EXISTS `edu_course`;
CREATE TABLE `edu_course` (
  `id` char(19) NOT NULL COMMENT '课程ID',
  `teacher_id` char(19) NOT NULL COMMENT '课程讲师ID',
  `subject_id` char(19) NOT NULL COMMENT '课程专业ID',
  `subject_parent_id` char(19) NOT NULL COMMENT '课程专业父级ID',
  `title` varchar(50) NOT NULL COMMENT '课程标题',
  `price` decimal(10,2) unsigned NOT NULL DEFAULT '0.00' COMMENT '课程销售价格，设置为0则可免费观看',
  `lesson_num` int unsigned NOT NULL DEFAULT '0' COMMENT '总课时',
  `cover` varchar(255) CHARACTER SET utf8 COLLATE utf8_general_ci NOT NULL COMMENT '课程封面图片路径',
  `buy_count` bigint unsigned NOT NULL DEFAULT '0' COMMENT '销售数量',
  `view_count` bigint unsigned NOT NULL DEFAULT '0' COMMENT '浏览数量',
  `version` bigint unsigned NOT NULL DEFAULT '1' COMMENT '乐观锁',
  `status` varchar(10) NOT NULL DEFAULT 'Draft' COMMENT '课程状态 Draft未发布  Normal已发布',
  `is_deleted` tinyint DEFAULT NULL COMMENT '逻辑删除 1（true）已删除， 0（false）未删除',
  `gmt_create` datetime NOT NULL COMMENT '创建时间',
  `gmt_modified` datetime NOT NULL COMMENT '更新时间',
  PRIMARY KEY (`id`),
  KEY `idx_title` (`title`),
  KEY `idx_subject_id` (`subject_id`),
  KEY `idx_teacher_id` (`teacher_id`)
) ENGINE=InnoDB DEFAULT CHARSET=utf8mb4 COLLATE=utf8mb4_0900_ai_ci ROW_FORMAT=COMPACT COMMENT='课程';

-- ----------------------------
-- Records of edu_course
-- ----------------------------
INSERT INTO `edu_course` VALUES ('1192252213659774977', '1189389726308478977', '1178214681139539969', '1178214681118568449', 'java基础课程：test', '0.01', '2', 'https://myimageserver.oss-cn-beijing.aliyuncs.com/img/wallhaven-4dog6g.jpg', '4', '387', '1', 'Normal', '0', '2019-11-07 09:27:33', '2019-11-18 13:35:03');
INSERT INTO `edu_course` VALUES ('14', '1189389726308478977', '1101348944971091969', '1101348944920760321', 'XHTML CSS2 JS整站制作教程课程学习', '0.00', '3', 'https://myimageserver.oss-cn-beijing.aliyuncs.com/img/wallhaven-4dog6g.jpg', '3', '44', '15', 'Normal', '0', '2018-04-02 18:33:34', '2019-11-16 21:21:45');
INSERT INTO `edu_course` VALUES ('15', '1189389726308478977', '1101348944971091969', '1101348944920760321', 'HTML5入门课程学习', '0.00', '23', 'https://myimageserver.oss-cn-beijing.aliyuncs.com/img/wallhaven-4dog6g.jpg', '0', '51', '17', 'Normal', '0', '2018-04-02 18:34:32', '2019-11-12 10:19:20');
INSERT INTO `edu_course` VALUES ('1503346332251820034', '1500390460596711425', '1178214681454112770', '1178214681399586817', '我的测试课程', '10.00', '1', 'https://myimageserver.oss-cn-beijing.aliyuncs.com/img/wallhaven-4dog6g.jpg', '0', '0', '1', 'Draft', null, '2022-03-14 20:24:31', '2022-03-16 11:36:04');
INSERT INTO `edu_course` VALUES ('1515892256769335297', '1183323295668369762', '1178214681139539969', '1178214681118568449', '测试课程一', '0.00', '10', 'https://myimageserver.oss-cn-beijing.aliyuncs.com/img/wallhaven-4dog6g.jpg', '0', '0', '1', 'Normal', null, '2022-04-18 11:17:33', '2022-04-18 11:18:02');
INSERT INTO `edu_course` VALUES ('1515892493864951809', '1', '1178214681210843137', '1178214681181483010', '测试课程二', '10.00', '1', 'https://myimageserver.oss-cn-beijing.aliyuncs.com/img/wallhaven-4dog6g.jpg', '0', '0', '1', 'Normal', null, '2022-04-18 11:18:29', '2022-04-18 11:18:52');
INSERT INTO `edu_course` VALUES ('1515892709095661569', '1183323295668369762', '1178585108407984130', '1178214681118568449', '测试课程三', '10.00', '10', 'https://myimageserver.oss-cn-beijing.aliyuncs.com/img/wallhaven-4dog6g.jpg', '0', '0', '1', 'Normal', null, '2022-04-18 11:19:20', '2022-04-18 11:19:24');
INSERT INTO `edu_course` VALUES ('1515892848514326530', '1183323295668369762', '1178585108454121473', '1178214681181483010', '测试课程四', '0.00', '10', 'https://myimageserver.oss-cn-beijing.aliyuncs.com/img/wallhaven-4dog6g.jpg', '0', '0', '1', 'Normal', null, '2022-04-18 11:19:54', '2022-04-18 11:19:57');
INSERT INTO `edu_course` VALUES ('1515892939652358146', '1183323295668369762', '1178214681252786178', '1178214681231814658', '测试课程五', '0.00', '1', 'https://myimageserver.oss-cn-beijing.aliyuncs.com/img/wallhaven-4dog6g.jpg', '0', '0', '1', 'Normal', null, '2022-04-18 11:20:15', '2022-04-18 11:20:18');
INSERT INTO `edu_course` VALUES ('1515893675740127234', '118333295668469762', '1178214681504444418', '1178214681483472898', '测试课程六', '1.00', '1', 'https://myimageserver.oss-cn-beijing.aliyuncs.com/img/wallhaven-4dog6g.jpg', '0', '0', '1', 'Normal', null, '2022-04-18 11:23:11', '2022-04-18 11:23:14');

-- ----------------------------
-- Table structure for edu_course_description
-- ----------------------------
DROP TABLE IF EXISTS `edu_course_description`;
CREATE TABLE `edu_course_description` (
  `id` char(19) NOT NULL COMMENT '课程ID',
  `description` text COMMENT '课程简介',
  `gmt_create` datetime NOT NULL COMMENT '创建时间',
  `gmt_modified` datetime NOT NULL COMMENT '更新时间',
  PRIMARY KEY (`id`)
) ENGINE=InnoDB DEFAULT CHARSET=utf8mb4 COLLATE=utf8mb4_0900_ai_ci COMMENT='课程简介';

-- ----------------------------
-- Records of edu_course_description
-- ----------------------------
INSERT INTO `edu_course_description` VALUES ('1502562089267367938', '<p>顶顶顶顶</p>', '2022-03-12 16:28:13', '2022-03-13 15:03:44');
INSERT INTO `edu_course_description` VALUES ('1502563542610481153', '<p>顶顶顶顶</p>', '2022-03-12 16:33:59', '2022-03-13 15:03:44');
INSERT INTO `edu_course_description` VALUES ('1502564521221304322', '<p>顶顶顶顶</p>', '2022-03-12 16:37:53', '2022-03-13 15:03:44');
INSERT INTO `edu_course_description` VALUES ('1502584665574223873', '<p>顶顶顶顶</p>', '2022-03-12 17:57:56', '2022-03-13 15:03:44');
INSERT INTO `edu_course_description` VALUES ('1502585140990193665', '<p>顶顶顶顶</p>', '2022-03-12 17:59:49', '2022-03-13 15:03:44');
INSERT INTO `edu_course_description` VALUES ('1502585554452099073', '<p>顶顶顶顶</p>', '2022-03-12 18:01:28', '2022-03-13 15:03:44');
INSERT INTO `edu_course_description` VALUES ('1502586426972188674', '<p>顶顶顶顶</p>', '2022-03-12 18:04:56', '2022-03-13 15:03:44');
INSERT INTO `edu_course_description` VALUES ('1502586727628402689', '<p>顶顶顶顶</p>', '2022-03-12 18:06:08', '2022-03-13 15:03:44');
INSERT INTO `edu_course_description` VALUES ('1502593062168211457', '<p>顶顶顶顶</p>', '2022-03-12 18:31:18', '2022-03-13 15:03:44');
INSERT INTO `edu_course_description` VALUES ('1502832821654384641', '<p>顶顶顶顶</p>', '2022-03-13 10:24:01', '2022-03-13 15:03:44');
INSERT INTO `edu_course_description` VALUES ('1502835188843945986', '<p>顶顶顶顶</p>', '2022-03-13 10:33:25', '2022-03-13 15:03:44');
INSERT INTO `edu_course_description` VALUES ('1502849744618135553', '<p>顶顶顶顶</p>', '2022-03-13 11:31:15', '2022-03-13 15:03:44');
INSERT INTO `edu_course_description` VALUES ('1502853026375913474', '<p>顶顶顶顶</p>', '2022-03-13 11:44:18', '2022-03-13 15:03:44');
INSERT INTO `edu_course_description` VALUES ('1502894427935363074', '<p>顶顶顶顶</p>', '2022-03-13 14:28:49', '2022-03-13 15:03:44');
INSERT INTO `edu_course_description` VALUES ('1502895515333840898', '<p>顶顶顶顶</p>', '2022-03-13 14:33:08', '2022-03-13 15:03:44');
INSERT INTO `edu_course_description` VALUES ('1502898207175233538', '<p>顶顶顶顶</p>', '2022-03-13 14:43:50', '2022-03-13 15:03:44');
INSERT INTO `edu_course_description` VALUES ('1502899655879446529', '<p>顶顶顶顶</p>', '2022-03-13 14:49:35', '2022-03-13 15:03:44');
INSERT INTO `edu_course_description` VALUES ('1502899893369327617', '<p>顶顶顶顶</p>', '2022-03-13 14:50:32', '2022-03-13 15:03:44');
INSERT INTO `edu_course_description` VALUES ('1502900267287334913', '<p>顶顶顶顶</p>', '2022-03-13 14:52:01', '2022-03-13 15:03:44');
INSERT INTO `edu_course_description` VALUES ('1502900791831187458', '<p>顶顶顶顶</p>', '2022-03-13 14:54:06', '2022-03-13 15:03:44');
INSERT INTO `edu_course_description` VALUES ('1502901573087416321', '<p>顶顶顶顶</p>', '2022-03-13 14:57:12', '2022-03-13 15:03:44');
INSERT INTO `edu_course_description` VALUES ('1503346332251820034', '', '2022-03-14 20:24:31', '2022-03-16 11:36:04');
INSERT INTO `edu_course_description` VALUES ('1515892256769335297', '<p>简介</p>', '2022-04-18 11:17:33', '2022-04-18 11:17:33');
INSERT INTO `edu_course_description` VALUES ('1515892493864951809', '<p>简介</p>', '2022-04-18 11:18:29', '2022-04-18 11:18:29');
INSERT INTO `edu_course_description` VALUES ('1515892709095661569', '<p>简介</p>', '2022-04-18 11:19:20', '2022-04-18 11:19:20');
INSERT INTO `edu_course_description` VALUES ('1515892848514326530', '<p>简介</p>', '2022-04-18 11:19:54', '2022-04-18 11:19:54');
INSERT INTO `edu_course_description` VALUES ('1515892939652358146', '<p>简介</p>', '2022-04-18 11:20:15', '2022-04-18 11:20:15');
INSERT INTO `edu_course_description` VALUES ('1515893675740127234', '<p>简介信息</p>\n<ul>\n<li>1</li>\n<li>2</li>\n<li>3</li>\n<li>4</li>\n</ul>', '2022-04-18 11:23:11', '2022-04-18 11:23:11');

-- ----------------------------
-- Table structure for edu_subject
-- ----------------------------
DROP TABLE IF EXISTS `edu_subject`;
CREATE TABLE `edu_subject` (
  `id` char(19) NOT NULL COMMENT '课程类别ID',
  `title` varchar(10) NOT NULL COMMENT '类别名称',
  `parent_id` char(19) NOT NULL DEFAULT '0' COMMENT '父ID',
  `sort` int unsigned NOT NULL DEFAULT '0' COMMENT '排序字段',
  `gmt_create` datetime NOT NULL COMMENT '创建时间',
  `gmt_modified` datetime NOT NULL COMMENT '更新时间',
  PRIMARY KEY (`id`),
  KEY `idx_parent_id` (`parent_id`)
) ENGINE=InnoDB DEFAULT CHARSET=utf8mb4 COLLATE=utf8mb4_0900_ai_ci ROW_FORMAT=COMPACT COMMENT='课程科目';

-- ----------------------------
-- Records of edu_subject
-- ----------------------------
INSERT INTO `edu_subject` VALUES ('1178214681118568449', '后端开发', '0', '1', '2019-09-29 15:47:25', '2019-09-29 15:47:25');
INSERT INTO `edu_subject` VALUES ('1178214681139539969', 'Java', '1178214681118568449', '1', '2019-09-29 15:47:25', '2019-09-29 15:47:25');
INSERT INTO `edu_subject` VALUES ('1178214681181483010', '前端开发', '0', '3', '2019-09-29 15:47:25', '2019-09-29 15:47:25');
INSERT INTO `edu_subject` VALUES ('1178214681210843137', 'JavaScript', '1178214681181483010', '4', '2019-09-29 15:47:25', '2019-09-29 15:47:25');
INSERT INTO `edu_subject` VALUES ('1178214681231814658', '云计算', '0', '5', '2019-09-29 15:47:25', '2019-09-29 15:47:25');
INSERT INTO `edu_subject` VALUES ('1178214681252786178', 'Docker', '1178214681231814658', '5', '2019-09-29 15:47:25', '2019-09-29 15:47:25');
INSERT INTO `edu_subject` VALUES ('1178214681294729217', 'Linux', '1178214681231814658', '6', '2019-09-29 15:47:25', '2019-09-29 15:47:25');
INSERT INTO `edu_subject` VALUES ('1178214681324089345', '系统/运维', '0', '7', '2019-09-29 15:47:25', '2019-09-29 15:47:25');
INSERT INTO `edu_subject` VALUES ('1178214681353449473', 'Linux', '1178214681324089345', '7', '2019-09-29 15:47:25', '2019-09-29 15:47:25');
INSERT INTO `edu_subject` VALUES ('1178214681382809602', 'Windows', '1178214681324089345', '8', '2019-09-29 15:47:25', '2019-09-29 15:47:25');
INSERT INTO `edu_subject` VALUES ('1178214681399586817', '数据库', '0', '9', '2019-09-29 15:47:25', '2019-09-29 15:47:25');
INSERT INTO `edu_subject` VALUES ('1178214681428946945', 'MySQL', '1178214681399586817', '9', '2019-09-29 15:47:25', '2019-09-29 15:47:25');
INSERT INTO `edu_subject` VALUES ('1178214681454112770', 'MongoDB', '1178214681399586817', '10', '2019-09-29 15:47:25', '2019-09-29 15:47:25');
INSERT INTO `edu_subject` VALUES ('1178214681483472898', '大数据', '0', '11', '2019-09-29 15:47:25', '2019-09-29 15:47:25');
INSERT INTO `edu_subject` VALUES ('1178214681504444418', 'Hadoop', '1178214681483472898', '11', '2019-09-29 15:47:25', '2019-09-29 15:47:25');
INSERT INTO `edu_subject` VALUES ('1178214681529610242', 'Spark', '1178214681483472898', '12', '2019-09-29 15:47:25', '2019-09-29 15:47:25');
INSERT INTO `edu_subject` VALUES ('1178214681554776066', '人工智能', '0', '13', '2019-09-29 15:47:25', '2019-09-29 15:47:25');
INSERT INTO `edu_subject` VALUES ('1178214681584136193', 'Python', '1178214681554776066', '13', '2019-09-29 15:47:25', '2019-09-29 15:47:25');
INSERT INTO `edu_subject` VALUES ('1178214681613496321', '编程语言', '0', '14', '2019-09-29 15:47:25', '2019-09-29 15:47:25');
INSERT INTO `edu_subject` VALUES ('1178214681626079234', 'Java', '1178214681613496321', '14', '2019-09-29 15:47:25', '2019-09-29 15:47:25');
INSERT INTO `edu_subject` VALUES ('1178585108407984130', 'Python', '1178214681118568449', '2', '2019-09-30 16:19:22', '2019-09-30 16:19:22');
INSERT INTO `edu_subject` VALUES ('1178585108454121473', 'HTML/CSS', '1178214681181483010', '3', '2019-09-30 16:19:22', '2019-09-30 16:19:22');
INSERT INTO `edu_subject` VALUES ('1502307603533848577', 'vue', '1502307603508682754', '0', '2022-03-11 23:36:59', '2022-03-11 23:36:59');
INSERT INTO `edu_subject` VALUES ('1502307603567403009', 'javascript', '1502307603508682754', '0', '2022-03-11 23:36:59', '2022-03-11 23:36:59');
INSERT INTO `edu_subject` VALUES ('1502307603584180225', 'jquery', '1502307603508682754', '0', '2022-03-11 23:36:59', '2022-03-11 23:36:59');
INSERT INTO `edu_subject` VALUES ('1502307603617734657', 'java', '1502307603600957441', '0', '2022-03-11 23:36:59', '2022-03-11 23:36:59');
INSERT INTO `edu_subject` VALUES ('1502307603634511873', 'c++', '1502307603600957441', '0', '2022-03-11 23:36:59', '2022-03-11 23:36:59');
INSERT INTO `edu_subject` VALUES ('1502307603680649217', 'mysql', '1502307603651289090', '0', '2022-03-11 23:36:59', '2022-03-11 23:36:59');
INSERT INTO `edu_subject` VALUES ('1502478590053203969', 'redis', '1502307603651289090', '0', '2022-03-12 10:56:25', '2022-03-12 10:56:25');
INSERT INTO `edu_subject` VALUES ('1502534105231810561', 'bootstrap', '1502307603508682754', '0', '2022-03-12 14:37:01', '2022-03-12 14:37:01');

-- ----------------------------
-- Table structure for edu_teacher
-- ----------------------------
DROP TABLE IF EXISTS `edu_teacher`;
CREATE TABLE `edu_teacher` (
  `id` char(19) NOT NULL COMMENT '讲师ID',
  `name` varchar(20) NOT NULL COMMENT '讲师姓名',
  `intro` varchar(500) NOT NULL DEFAULT '' COMMENT '讲师简介',
  `career` varchar(500) DEFAULT NULL COMMENT '讲师资历,一句话说明讲师',
  `level` int unsigned NOT NULL COMMENT '头衔 1高级讲师 2首席讲师',
  `avatar` varchar(255) DEFAULT NULL COMMENT '讲师头像',
  `sort` int unsigned NOT NULL DEFAULT '0' COMMENT '排序',
  `is_deleted` tinyint unsigned NOT NULL DEFAULT '0' COMMENT '逻辑删除 1（true）已删除， 0（false）未删除',
  `gmt_create` datetime NOT NULL COMMENT '创建时间',
  `gmt_modified` datetime NOT NULL COMMENT '更新时间',
  PRIMARY KEY (`id`),
  UNIQUE KEY `uk_name` (`name`)
) ENGINE=InnoDB DEFAULT CHARSET=utf8mb4 COLLATE=utf8mb4_0900_ai_ci COMMENT='讲师';

-- ----------------------------
-- Records of edu_teacher
-- ----------------------------
INSERT INTO `edu_teacher` VALUES ('1', '张三', '近年主持国家自然科学基金（6项）、江苏省重大科技成果转化项目（5项）、江苏省产学研前瞻性联合研究项目（3项）、省工业科技支撑、省高技术、省自然科学基金等省部级及其企业的主要科研项目40多个，多个项目在企业成功转化，产生了较好的经济、社会和环境效益。积极开展产学研科技合作，并与省内16家企业建立了江苏省研究生工作站，其中6家为江苏省优秀研究生工作站', '高级', '1', 'https://myimageserver.oss-cn-beijing.aliyuncs.com/img/testIcon.jpg', '0', '0', '2019-10-30 14:18:46', '2022-03-12 14:40:18');
INSERT INTO `edu_teacher` VALUES ('1183323295668369762', '李二', '高级讲师简介', '高级讲师', '2', 'https://myimageserver.oss-cn-beijing.aliyuncs.com/img/testIcon.jpg', '2', '0', '2019-10-30 11:55:19', '2022-03-11 18:25:38');
INSERT INTO `edu_teacher` VALUES ('118333295668469762', '李一', '高级讲师简介', '高级讲师', '2', 'https://myimageserver.oss-cn-beijing.aliyuncs.com/img/testIcon.jpg', '2', '0', '2019-10-30 11:55:19', '2022-03-11 18:26:24');
INSERT INTO `edu_teacher` VALUES ('1186723295668369762', '李三', '高级讲师简介', '高级讲师', '2', 'https://myimageserver.oss-cn-beijing.aliyuncs.com/img/testIcon.jpg', '2', '0', '2019-10-30 11:55:19', '2022-03-11 18:25:54');
INSERT INTO `edu_teacher` VALUES ('1186723295669549762', '李六', '高级讲师简介', '高级讲师', '2', 'https://myimageserver.oss-cn-beijing.aliyuncs.com/img/testIcon.jpg', '2', '0', '2019-10-30 11:55:19', '2022-03-06 12:28:11');
INSERT INTO `edu_teacher` VALUES ('1189389726308478977', '晴天', '高级讲师简介', '高级讲师资历', '2', 'https://myimageserver.oss-cn-beijing.aliyuncs.com/img/testIcon.jpg', '1', '0', '2019-10-30 11:53:03', '2019-10-30 11:53:03');
INSERT INTO `edu_teacher` VALUES ('1189390295668469762', '李刚', '高级讲师简介', '高级讲师', '2', 'https://myimageserver.oss-cn-beijing.aliyuncs.com/img/testIcon.jpg', '2', '0', '2019-10-30 11:55:19', '2019-11-12 13:37:52');
INSERT INTO `edu_teacher` VALUES ('1189426437876985857', '王二', '高级讲师简介', '高级讲师', '1', 'https://myimageserver.oss-cn-beijing.aliyuncs.com/img/testIcon.jpg', '0', '0', '2019-10-30 14:18:56', '2022-03-11 18:09:51');
INSERT INTO `edu_teacher` VALUES ('1189426464967995393', '王五', '高级讲师简介', '高级讲师', '1', 'https://myimageserver.oss-cn-beijing.aliyuncs.com/img/testIcon.jpg', '0', '1', '2019-10-30 14:19:02', '2022-03-11 18:15:05');
INSERT INTO `edu_teacher` VALUES ('1192249914833055746', '李四', '高级讲师简介', '高级讲师', '1', 'https://myimageserver.oss-cn-beijing.aliyuncs.com/img/testIcon.jpg', '0', '0', '2019-11-07 09:18:25', '2019-11-12 13:37:01');

-- ----------------------------
-- Table structure for edu_video
-- ----------------------------
DROP TABLE IF EXISTS `edu_video`;
CREATE TABLE `edu_video` (
  `id` char(19) NOT NULL COMMENT '视频ID',
  `course_id` char(19) NOT NULL COMMENT '课程ID',
  `chapter_id` char(19) NOT NULL COMMENT '章节ID',
  `title` varchar(50) NOT NULL COMMENT '节点名称',
  `video_source_id` varchar(100) DEFAULT NULL COMMENT '云端视频资源',
  `video_original_name` varchar(100) DEFAULT NULL COMMENT '原始文件名称',
  `sort` int unsigned NOT NULL DEFAULT '0' COMMENT '排序字段',
  `play_count` bigint unsigned NOT NULL DEFAULT '0' COMMENT '播放次数',
  `is_free` tinyint unsigned NOT NULL DEFAULT '0' COMMENT '是否可以试听：0收费 1免费',
  `duration` float NOT NULL DEFAULT '0' COMMENT '视频时长（秒）',
  `status` varchar(20) NOT NULL DEFAULT 'Empty' COMMENT 'Empty未上传 Transcoding转码中  Normal正常',
  `size` bigint unsigned NOT NULL DEFAULT '0' COMMENT '视频源文件大小（字节）',
  `version` bigint unsigned NOT NULL DEFAULT '1' COMMENT '乐观锁',
  `gmt_create` datetime NOT NULL COMMENT '创建时间',
  `gmt_modified` datetime NOT NULL COMMENT '更新时间',
  PRIMARY KEY (`id`),
  KEY `idx_course_id` (`course_id`),
  KEY `idx_chapter_id` (`chapter_id`)
) ENGINE=InnoDB DEFAULT CHARSET=utf8mb4 COLLATE=utf8mb4_0900_ai_ci ROW_FORMAT=COMPACT COMMENT='课程视频';

-- ----------------------------
-- Records of edu_video
-- ----------------------------
INSERT INTO `edu_video` VALUES ('1185312444399071234', '14', '1', '12', '', '', '0', '0', '0', '0', 'Empty', '0', '1', '2019-10-19 05:51:23', '2019-10-19 05:51:33');
INSERT INTO `edu_video` VALUES ('1192252824606289921', '1192252213659774977', '1192252428399751169', '第一课时', '', '', '0', '0', '0', '0', 'Empty', '0', '1', '2019-11-07 09:29:59', '2019-11-07 09:29:59');
INSERT INTO `edu_video` VALUES ('1192628092797730818', '1192252213659774977', '1192252428399751169', '第二课时', '', '', '0', '0', '1', '0', 'Empty', '0', '1', '2019-11-08 10:21:10', '2019-11-08 10:21:22');
INSERT INTO `edu_video` VALUES ('1192632495013380097', '1192252213659774977', '1192252428399751169', '第三课时', '', '', '0', '0', '1', '0', 'Empty', '0', '1', '2019-11-08 10:38:40', '2019-11-08 10:38:40');
INSERT INTO `edu_video` VALUES ('1194117638832111617', '1192252213659774977', '1192252428399751169', '第四课时', '', '', '0', '0', '0', '0', 'Empty', '0', '1', '2019-11-12 13:00:05', '2019-11-12 13:00:05');
INSERT INTO `edu_video` VALUES ('1196263770832023554', '1192252213659774977', '1192252428399751169', '第五课时', '', '', '5', '0', '0', '0', 'Empty', '0', '1', '2019-11-18 11:08:03', '2019-11-18 11:08:03');
INSERT INTO `edu_video` VALUES ('1503346421049430018', '1503346332251820034', '1503346358139064321', '第一节', '', null, '1', '0', '0', '0', 'Empty', '0', '1', '2022-03-14 20:24:52', '2022-03-14 20:24:52');
INSERT INTO `edu_video` VALUES ('1515892356258226177', '1515892256769335297', '1515892288373415938', '课时1', null, null, '1', '0', '0', '0', 'Empty', '0', '1', '2022-04-18 11:17:56', '2022-04-18 11:17:56');

-- ----------------------------
-- Table structure for statistics_daily
-- ----------------------------
DROP TABLE IF EXISTS `statistics_daily`;
CREATE TABLE `statistics_daily` (
  `id` char(19) NOT NULL COMMENT '主键',
  `date_calculated` varchar(20) NOT NULL COMMENT '统计日期',
  `register_num` int NOT NULL DEFAULT '0' COMMENT '注册人数',
  `login_num` int NOT NULL DEFAULT '0' COMMENT '登录人数',
  `video_view_num` int NOT NULL DEFAULT '0' COMMENT '每日播放视频数',
  `course_num` int NOT NULL DEFAULT '0' COMMENT '每日新增课程数',
  `gmt_create` datetime NOT NULL COMMENT '创建时间',
  `gmt_modified` datetime NOT NULL COMMENT '更新时间',
  PRIMARY KEY (`id`),
  KEY `statistics_day` (`date_calculated`)
) ENGINE=InnoDB DEFAULT CHARSET=utf8mb3 COMMENT='网站统计日数据';

-- ----------------------------
-- Records of statistics_daily
-- ----------------------------
INSERT INTO `statistics_daily` VALUES ('1078490017163833345', '2018-12-28', '0', '0', '154', '170', '2018-12-28 11:17:12', '2019-09-09 12:12:12');
INSERT INTO `statistics_daily` VALUES ('1087142127818768386', '2019-01-02', '2', '0', '167', '177', '2019-01-21 08:17:36', '2019-09-09 12:12:12');
INSERT INTO `statistics_daily` VALUES ('1087198321809457153', '2019-01-01', '1', '0', '130', '189', '2019-01-21 12:00:54', '2019-09-09 12:12:12');
INSERT INTO `statistics_daily` VALUES ('1087198383973236738', '2019-01-03', '0', '0', '114', '130', '2019-01-21 12:01:09', '2019-09-09 12:12:12');
INSERT INTO `statistics_daily` VALUES ('1087451681764982785', '2019-01-04', '0', '0', '118', '155', '2019-01-22 04:47:39', '2019-09-09 12:12:12');
INSERT INTO `statistics_daily` VALUES ('1087455336471785473', '2019-01-05', '0', '0', '184', '186', '2019-01-22 05:02:11', '2019-09-09 12:12:12');
INSERT INTO `statistics_daily` VALUES ('1105339962460491777', '2019-03-01', '0', '143', '168', '136', '2019-03-12 13:29:18', '2019-03-12 13:29:18');
INSERT INTO `statistics_daily` VALUES ('1105339977027309569', '2019-03-02', '0', '165', '171', '158', '2019-03-12 13:29:21', '2019-03-12 13:29:21');
INSERT INTO `statistics_daily` VALUES ('1105339990738489346', '2019-03-03', '0', '143', '147', '194', '2019-03-12 13:29:25', '2019-03-12 13:29:25');
INSERT INTO `statistics_daily` VALUES ('1105340000544772098', '2019-03-04', '0', '155', '106', '153', '2019-03-12 13:29:27', '2019-03-12 13:29:27');
INSERT INTO `statistics_daily` VALUES ('1105340011244441602', '2019-03-05', '0', '186', '102', '155', '2019-03-12 13:29:30', '2019-03-12 13:29:30');
INSERT INTO `statistics_daily` VALUES ('1105340020929089538', '2019-03-06', '0', '140', '192', '129', '2019-03-12 13:29:32', '2019-03-12 13:29:32');
INSERT INTO `statistics_daily` VALUES ('1105340029800042497', '2019-03-07', '0', '186', '139', '116', '2019-03-12 13:29:34', '2019-03-12 13:29:34');
INSERT INTO `statistics_daily` VALUES ('1105340038696161282', '2019-03-08', '0', '120', '166', '112', '2019-03-12 13:29:36', '2019-03-12 13:29:36');
INSERT INTO `statistics_daily` VALUES ('1105340049441968129', '2019-03-09', '0', '182', '147', '119', '2019-03-12 13:29:39', '2019-03-12 13:29:39');
INSERT INTO `statistics_daily` VALUES ('1105340059738984449', '2019-03-10', '0', '199', '141', '103', '2019-03-12 13:29:41', '2019-03-12 13:29:41');
INSERT INTO `statistics_daily` VALUES ('1105340070438653953', '2019-03-11', '0', '127', '137', '156', '2019-03-12 13:29:44', '2019-03-12 13:29:44');
INSERT INTO `statistics_daily` VALUES ('1105340080307851266', '2019-03-12', '0', '167', '123', '132', '2019-03-12 13:29:46', '2019-03-12 13:29:46');
INSERT INTO `statistics_daily` VALUES ('1105340090047025153', '2019-03-13', '0', '106', '132', '103', '2019-03-12 13:29:48', '2019-03-12 13:29:48');
INSERT INTO `statistics_daily` VALUES ('1105340100075606017', '2019-03-14', '0', '166', '180', '118', '2019-03-12 13:29:51', '2019-03-12 13:29:51');
INSERT INTO `statistics_daily` VALUES ('1105340110511034370', '2019-03-15', '0', '114', '151', '185', '2019-03-12 13:29:53', '2019-03-12 13:29:53');
INSERT INTO `statistics_daily` VALUES ('1105340121412030466', '2019-03-16', '0', '134', '105', '126', '2019-03-12 13:29:56', '2019-03-12 13:29:56');
INSERT INTO `statistics_daily` VALUES ('1105340132833120258', '2019-03-17', '0', '169', '106', '131', '2019-03-12 13:29:59', '2019-03-12 13:29:59');
INSERT INTO `statistics_daily` VALUES ('1105340145659301890', '2019-03-18', '0', '120', '106', '163', '2019-03-12 13:30:02', '2019-03-12 13:30:02');
INSERT INTO `statistics_daily` VALUES ('1105340153578147842', '2019-03-19', '0', '146', '155', '153', '2019-03-12 13:30:03', '2019-03-12 13:30:03');
INSERT INTO `statistics_daily` VALUES ('1105340162436517890', '2019-03-20', '0', '127', '181', '186', '2019-03-12 13:30:06', '2019-03-12 13:30:06');
INSERT INTO `statistics_daily` VALUES ('1105340171517186050', '2019-03-21', '0', '106', '134', '145', '2019-03-12 13:30:08', '2019-03-12 13:30:08');
INSERT INTO `statistics_daily` VALUES ('1105340181034061825', '2019-03-22', '0', '161', '182', '143', '2019-03-12 13:30:10', '2019-03-12 13:30:10');
INSERT INTO `statistics_daily` VALUES ('1105340190072786946', '2019-03-23', '0', '183', '101', '182', '2019-03-12 13:30:12', '2019-03-12 13:30:12');
INSERT INTO `statistics_daily` VALUES ('1105340199426084865', '2019-03-24', '0', '117', '100', '102', '2019-03-12 13:30:14', '2019-03-12 13:30:14');
INSERT INTO `statistics_daily` VALUES ('1105340209261727745', '2019-03-25', '0', '116', '103', '160', '2019-03-12 13:30:17', '2019-03-12 13:30:17');
INSERT INTO `statistics_daily` VALUES ('1105340217935548418', '2019-03-26', '0', '101', '119', '150', '2019-03-12 13:30:19', '2019-03-12 13:30:19');
INSERT INTO `statistics_daily` VALUES ('1105340225967640577', '2019-03-27', '0', '129', '141', '181', '2019-03-12 13:30:21', '2019-03-12 13:30:21');
INSERT INTO `statistics_daily` VALUES ('1105340234075230209', '2019-03-28', '0', '113', '179', '158', '2019-03-12 13:30:23', '2019-03-12 13:30:23');
INSERT INTO `statistics_daily` VALUES ('1105340242837131265', '2019-03-29', '0', '117', '131', '101', '2019-03-12 13:30:25', '2019-03-12 13:30:25');
INSERT INTO `statistics_daily` VALUES ('1105340252395950082', '2019-03-30', '0', '153', '187', '174', '2019-03-12 13:30:27', '2019-03-12 13:30:27');
INSERT INTO `statistics_daily` VALUES ('1105340261958963201', '2019-03-31', '0', '179', '135', '199', '2019-03-12 13:30:29', '2019-03-12 13:30:29');
INSERT INTO `statistics_daily` VALUES ('1105372743634898945', '2019-01-06', '0', '113', '143', '148', '2019-03-12 15:39:34', '2019-03-12 15:39:34');
INSERT INTO `statistics_daily` VALUES ('1105372754380705793', '2019-01-07', '0', '173', '158', '153', '2019-03-12 15:39:36', '2019-03-12 15:39:36');
INSERT INTO `statistics_daily` VALUES ('1105372762526044162', '2019-01-08', '0', '135', '199', '131', '2019-03-12 15:39:38', '2019-03-12 15:39:38');
INSERT INTO `statistics_daily` VALUES ('1105372771229224961', '2019-01-09', '0', '161', '107', '162', '2019-03-12 15:39:40', '2019-03-12 15:39:40');
INSERT INTO `statistics_daily` VALUES ('1105372780922261505', '2019-01-10', '0', '182', '196', '135', '2019-03-12 15:39:42', '2019-03-12 15:39:42');
INSERT INTO `statistics_daily` VALUES ('1105372790103592961', '2019-01-11', '0', '123', '194', '102', '2019-03-12 15:39:45', '2019-03-12 15:39:45');
INSERT INTO `statistics_daily` VALUES ('1105372798626418689', '2019-01-12', '0', '185', '106', '180', '2019-03-12 15:39:47', '2019-03-12 15:39:47');
INSERT INTO `statistics_daily` VALUES ('1165', '2018-01-01', '583', '26', '236', '14', '2018-01-25 06:38:19', '2019-09-09 12:12:12');
INSERT INTO `statistics_daily` VALUES ('1166', '2018-01-02', '583', '26', '236', '14', '2018-01-25 06:38:19', '2019-09-09 12:12:12');
INSERT INTO `statistics_daily` VALUES ('1167', '2018-01-03', '584', '26', '236', '14', '2018-01-25 06:38:19', '2019-09-09 12:12:12');
INSERT INTO `statistics_daily` VALUES ('1168', '2018-01-04', '584', '26', '237', '14', '2018-01-25 06:38:19', '2019-09-09 12:12:12');
INSERT INTO `statistics_daily` VALUES ('1169', '2018-01-05', '585', '26', '237', '14', '2018-01-25 06:38:19', '2019-09-09 12:12:12');
INSERT INTO `statistics_daily` VALUES ('1170', '2018-01-06', '585', '26', '237', '14', '2018-01-25 06:38:19', '2019-09-09 12:12:12');
INSERT INTO `statistics_daily` VALUES ('1171', '2018-01-07', '586', '26', '237', '14', '2018-01-25 06:38:19', '2019-09-09 12:12:12');
INSERT INTO `statistics_daily` VALUES ('1172', '2018-01-08', '586', '26', '237', '14', '2018-01-25 06:38:19', '2019-09-09 12:12:12');
INSERT INTO `statistics_daily` VALUES ('1173', '2018-01-09', '587', '26', '238', '14', '2018-01-25 06:38:19', '2019-09-09 12:12:12');
INSERT INTO `statistics_daily` VALUES ('1174', '2018-01-10', '587', '26', '238', '14', '2018-01-25 06:38:19', '2019-09-09 12:12:12');
INSERT INTO `statistics_daily` VALUES ('1175', '2018-01-11', '588', '27', '238', '14', '2018-01-25 06:38:19', '2019-09-09 12:12:12');
INSERT INTO `statistics_daily` VALUES ('1176', '2018-01-12', '588', '27', '238', '14', '2018-01-25 06:38:19', '2019-09-09 12:12:12');
INSERT INTO `statistics_daily` VALUES ('1177', '2018-01-13', '589', '27', '238', '14', '2018-01-25 06:38:19', '2019-09-09 12:12:12');
INSERT INTO `statistics_daily` VALUES ('1178', '2018-01-14', '589', '27', '239', '14', '2018-01-25 06:38:19', '2019-09-09 12:12:12');
INSERT INTO `statistics_daily` VALUES ('1179', '2018-01-15', '590', '27', '239', '14', '2018-01-25 06:38:19', '2019-09-09 12:12:12');
INSERT INTO `statistics_daily` VALUES ('1180', '2018-01-16', '590', '27', '239', '14', '2018-01-25 06:38:19', '2019-09-09 12:12:12');
INSERT INTO `statistics_daily` VALUES ('1181', '2018-01-17', '591', '27', '239', '14', '2018-01-25 06:38:19', '2019-09-09 12:12:12');
INSERT INTO `statistics_daily` VALUES ('1182', '2018-01-18', '591', '27', '239', '14', '2018-01-25 06:38:19', '2019-09-09 12:12:12');
INSERT INTO `statistics_daily` VALUES ('1183', '2018-01-19', '592', '27', '240', '14', '2018-01-25 06:38:19', '2019-09-09 12:12:12');
INSERT INTO `statistics_daily` VALUES ('1183991737299263490', '2019-10-01', '0', '145', '149', '153', '2019-10-15 14:23:22', '2019-10-15 14:23:22');
INSERT INTO `statistics_daily` VALUES ('1183999299272904705', '2019-10-03', '0', '125', '102', '153', '2019-10-15 14:53:25', '2019-10-15 14:53:25');
INSERT INTO `statistics_daily` VALUES ('1183999309477646338', '2019-10-04', '0', '103', '194', '161', '2019-10-15 14:53:28', '2019-10-15 14:53:28');
INSERT INTO `statistics_daily` VALUES ('1183999318919024642', '2019-10-05', '0', '173', '174', '147', '2019-10-15 14:53:30', '2019-10-15 14:53:30');
INSERT INTO `statistics_daily` VALUES ('1183999331409661954', '2019-10-06', '0', '129', '197', '173', '2019-10-15 14:53:33', '2019-10-15 14:53:33');
INSERT INTO `statistics_daily` VALUES ('1183999342897860610', '2019-10-07', '0', '184', '125', '169', '2019-10-15 14:53:36', '2019-10-15 14:53:36');
INSERT INTO `statistics_daily` VALUES ('1183999351588458498', '2019-10-08', '0', '173', '143', '138', '2019-10-15 14:53:38', '2019-10-15 14:53:38');
INSERT INTO `statistics_daily` VALUES ('1183999360316805122', '2019-10-09', '0', '161', '158', '117', '2019-10-15 14:53:40', '2019-10-15 14:53:40');
INSERT INTO `statistics_daily` VALUES ('1183999367480676353', '2019-10-10', '0', '190', '166', '135', '2019-10-15 14:53:42', '2019-10-15 14:53:42');
INSERT INTO `statistics_daily` VALUES ('1184', '2018-01-20', '592', '27', '240', '14', '2018-01-25 06:38:19', '2019-09-09 12:12:12');
INSERT INTO `statistics_daily` VALUES ('1184030117693284353', '2019-10-11', '0', '182', '199', '193', '2019-10-15 16:55:53', '2019-10-15 16:55:53');
INSERT INTO `statistics_daily` VALUES ('1185', '2018-01-21', '593', '27', '240', '14', '2018-01-25 06:38:19', '2019-09-09 12:12:12');
INSERT INTO `statistics_daily` VALUES ('1186', '2018-01-22', '593', '27', '240', '14', '2018-01-25 06:38:19', '2019-09-09 12:12:12');
INSERT INTO `statistics_daily` VALUES ('1186536619937435650', '2019-10-02', '0', '187', '183', '108', '2019-10-22 14:55:50', '2019-10-22 14:55:50');
INSERT INTO `statistics_daily` VALUES ('1187', '2018-01-23', '594', '27', '240', '14', '2018-01-25 06:38:19', '2019-09-09 12:12:12');
INSERT INTO `statistics_daily` VALUES ('1188', '2018-01-24', '594', '27', '241', '14', '2018-01-25 06:38:19', '2019-09-09 12:12:12');
INSERT INTO `statistics_daily` VALUES ('1189', '2018-01-25', '595', '27', '241', '14', '2018-01-25 06:38:19', '2019-09-09 12:12:12');
INSERT INTO `statistics_daily` VALUES ('1190', '2018-01-26', '595', '27', '241', '14', '2018-01-25 06:38:19', '2019-09-09 12:12:12');
INSERT INTO `statistics_daily` VALUES ('1191', '2018-01-27', '596', '27', '241', '14', '2018-01-25 06:38:19', '2019-09-09 12:12:12');
INSERT INTO `statistics_daily` VALUES ('1192', '2018-01-28', '596', '27', '241', '14', '2018-01-25 06:38:19', '2019-09-09 12:12:12');
INSERT INTO `statistics_daily` VALUES ('1192253597226455042', '2019-11-01', '0', '129', '122', '167', '2019-11-07 09:33:03', '2019-11-07 09:33:03');
INSERT INTO `statistics_daily` VALUES ('1192253902756335617', '2019-11-02', '0', '170', '192', '192', '2019-11-07 09:34:16', '2019-11-07 09:34:16');
INSERT INTO `statistics_daily` VALUES ('1193', '2018-01-29', '597', '27', '242', '14', '2018-01-25 06:38:19', '2019-09-09 12:12:12');
INSERT INTO `statistics_daily` VALUES ('1194', '2018-01-30', '597', '27', '242', '14', '2018-01-25 06:38:19', '2019-09-09 12:12:12');
INSERT INTO `statistics_daily` VALUES ('1194060032935493633', '2019-11-11', '0', '121', '121', '122', '2019-11-12 09:11:11', '2019-11-12 09:11:11');
INSERT INTO `statistics_daily` VALUES ('1194060301425475585', '2019-11-10', '0', '155', '187', '140', '2019-11-12 09:12:15', '2019-11-12 09:12:15');
INSERT INTO `statistics_daily` VALUES ('1195', '2018-01-31', '598', '27', '242', '14', '2018-01-25 06:38:19', '2019-09-09 12:12:12');
INSERT INTO `statistics_daily` VALUES ('1196', '2018-02-01', '598', '27', '242', '14', '2018-01-25 06:38:19', '2019-09-09 12:12:12');
INSERT INTO `statistics_daily` VALUES ('1197', '2018-02-02', '599', '27', '242', '14', '2018-01-25 06:38:19', '2019-09-09 12:12:12');
INSERT INTO `statistics_daily` VALUES ('1198', '2018-02-03', '599', '27', '243', '14', '2018-01-25 06:38:19', '2019-09-09 12:12:12');
INSERT INTO `statistics_daily` VALUES ('1199', '2018-02-04', '600', '27', '243', '14', '2018-01-25 06:38:19', '2019-09-09 12:12:12');
INSERT INTO `statistics_daily` VALUES ('1200', '2018-02-05', '600', '27', '243', '14', '2018-01-25 06:38:19', '2019-09-09 12:12:12');
INSERT INTO `statistics_daily` VALUES ('1201', '2018-02-06', '601', '27', '243', '14', '2018-01-25 06:38:19', '2019-09-09 12:12:12');
INSERT INTO `statistics_daily` VALUES ('1202', '2018-02-07', '601', '27', '243', '14', '2018-01-25 06:38:19', '2019-09-09 12:12:12');
INSERT INTO `statistics_daily` VALUES ('1203', '2018-02-08', '602', '27', '244', '14', '2018-01-25 06:38:19', '2019-09-09 12:12:12');
INSERT INTO `statistics_daily` VALUES ('1204', '2018-02-09', '602', '27', '244', '14', '2018-01-25 06:38:19', '2019-09-09 12:12:12');
INSERT INTO `statistics_daily` VALUES ('1205', '2018-02-10', '603', '27', '244', '14', '2018-01-25 06:38:19', '2019-09-09 12:12:12');
INSERT INTO `statistics_daily` VALUES ('1206', '2018-02-11', '603', '27', '244', '14', '2018-01-25 06:38:19', '2019-09-09 12:12:12');
INSERT INTO `statistics_daily` VALUES ('1207', '2018-02-12', '604', '27', '244', '14', '2018-01-25 06:38:19', '2019-09-09 12:12:12');
INSERT INTO `statistics_daily` VALUES ('1208', '2018-02-13', '604', '27', '245', '14', '2018-01-25 06:38:19', '2019-09-09 12:12:12');
INSERT INTO `statistics_daily` VALUES ('1209', '2018-02-14', '605', '27', '245', '14', '2018-01-25 06:38:19', '2019-09-09 12:12:12');
INSERT INTO `statistics_daily` VALUES ('1210', '2018-02-15', '605', '27', '245', '14', '2018-01-25 06:38:19', '2019-09-09 12:12:12');
INSERT INTO `statistics_daily` VALUES ('1211', '2018-02-16', '606', '27', '245', '14', '2018-01-25 06:38:19', '2019-09-09 12:12:12');
INSERT INTO `statistics_daily` VALUES ('1212', '2018-02-17', '606', '27', '245', '14', '2018-01-25 06:38:19', '2019-09-09 12:12:12');
INSERT INTO `statistics_daily` VALUES ('1213', '2018-02-18', '607', '27', '246', '14', '2018-01-25 06:38:19', '2019-09-09 12:12:12');
INSERT INTO `statistics_daily` VALUES ('1214', '2018-02-19', '607', '27', '246', '14', '2018-01-25 06:38:19', '2019-09-09 12:12:12');
INSERT INTO `statistics_daily` VALUES ('1215', '2018-02-20', '608', '27', '246', '14', '2018-01-25 06:38:19', '2019-09-09 12:12:12');
INSERT INTO `statistics_daily` VALUES ('1216', '2018-02-21', '608', '27', '246', '14', '2018-01-25 06:38:19', '2019-09-09 12:12:12');
INSERT INTO `statistics_daily` VALUES ('1217', '2018-02-22', '609', '27', '246', '14', '2018-01-25 06:38:19', '2019-09-09 12:12:12');
INSERT INTO `statistics_daily` VALUES ('1218', '2018-02-23', '609', '27', '247', '14', '2018-01-25 06:38:19', '2019-09-09 12:12:12');
INSERT INTO `statistics_daily` VALUES ('1219', '2018-02-24', '610', '27', '247', '14', '2018-01-25 06:38:19', '2019-09-09 12:12:12');
INSERT INTO `statistics_daily` VALUES ('1220', '2018-02-25', '610', '27', '247', '14', '2018-01-25 06:38:19', '2019-09-09 12:12:12');
INSERT INTO `statistics_daily` VALUES ('1221', '2018-02-26', '611', '27', '247', '14', '2018-01-25 06:38:19', '2019-09-09 12:12:12');
INSERT INTO `statistics_daily` VALUES ('1222', '2018-02-27', '611', '27', '247', '14', '2018-01-25 06:38:19', '2019-09-09 12:12:12');
INSERT INTO `statistics_daily` VALUES ('1223', '2018-02-28', '612', '27', '248', '14', '2018-01-25 06:38:19', '2019-09-09 12:12:12');
INSERT INTO `statistics_daily` VALUES ('1224', '2018-03-01', '612', '27', '248', '14', '2018-01-25 06:38:19', '2019-09-09 12:12:12');
INSERT INTO `statistics_daily` VALUES ('1225', '2018-03-02', '613', '28', '248', '14', '2018-01-25 06:38:19', '2019-09-09 12:12:12');
INSERT INTO `statistics_daily` VALUES ('1226', '2018-03-03', '613', '28', '248', '14', '2018-01-25 06:38:19', '2019-09-09 12:12:12');
INSERT INTO `statistics_daily` VALUES ('1227', '2018-03-04', '614', '28', '248', '14', '2018-01-25 06:38:19', '2019-09-09 12:12:12');
INSERT INTO `statistics_daily` VALUES ('1228', '2018-03-05', '614', '28', '249', '14', '2018-01-25 06:38:19', '2019-09-09 12:12:12');
INSERT INTO `statistics_daily` VALUES ('1229', '2018-03-06', '615', '28', '249', '14', '2018-01-25 06:38:19', '2019-09-09 12:12:12');
INSERT INTO `statistics_daily` VALUES ('1230', '2018-03-07', '615', '28', '249', '14', '2018-01-25 06:38:19', '2019-09-09 12:12:12');
INSERT INTO `statistics_daily` VALUES ('1231', '2018-03-08', '616', '28', '249', '14', '2018-01-25 06:38:19', '2019-09-09 12:12:12');
INSERT INTO `statistics_daily` VALUES ('1232', '2018-03-09', '616', '28', '249', '14', '2018-01-25 06:38:19', '2019-09-09 12:12:12');
INSERT INTO `statistics_daily` VALUES ('1233', '2018-03-10', '617', '28', '250', '14', '2018-01-25 06:38:19', '2019-09-09 12:12:12');
INSERT INTO `statistics_daily` VALUES ('1234', '2018-03-11', '617', '28', '250', '14', '2018-01-25 06:38:19', '2019-09-09 12:12:12');
INSERT INTO `statistics_daily` VALUES ('1235', '2018-03-12', '618', '28', '250', '14', '2018-01-25 06:38:19', '2019-09-09 12:12:12');
INSERT INTO `statistics_daily` VALUES ('1236', '2018-03-13', '618', '28', '250', '14', '2018-01-25 06:38:19', '2019-09-09 12:12:12');
INSERT INTO `statistics_daily` VALUES ('1237', '2018-03-14', '619', '28', '250', '14', '2018-01-25 06:38:19', '2019-09-09 12:12:12');
INSERT INTO `statistics_daily` VALUES ('1238', '2018-03-15', '619', '28', '251', '14', '2018-01-25 06:38:19', '2019-09-09 12:12:12');
INSERT INTO `statistics_daily` VALUES ('1239', '2018-03-16', '620', '28', '251', '14', '2018-01-25 06:38:19', '2019-09-09 12:12:12');
INSERT INTO `statistics_daily` VALUES ('1240', '2018-03-17', '620', '28', '251', '14', '2018-01-25 06:38:19', '2019-09-09 12:12:12');
INSERT INTO `statistics_daily` VALUES ('1241', '2018-03-18', '621', '28', '251', '14', '2018-01-25 06:38:19', '2019-09-09 12:12:12');
INSERT INTO `statistics_daily` VALUES ('1242', '2018-03-19', '621', '28', '251', '14', '2018-01-25 06:38:19', '2019-09-09 12:12:12');
INSERT INTO `statistics_daily` VALUES ('1243', '2018-03-20', '622', '28', '252', '14', '2018-01-25 06:38:19', '2019-09-09 12:12:12');
INSERT INTO `statistics_daily` VALUES ('1244', '2018-03-21', '622', '28', '252', '14', '2018-01-25 06:38:19', '2019-09-09 12:12:12');
INSERT INTO `statistics_daily` VALUES ('1245', '2018-03-22', '623', '28', '252', '14', '2018-01-25 06:38:19', '2019-09-09 12:12:12');
INSERT INTO `statistics_daily` VALUES ('1246', '2018-03-23', '623', '28', '252', '14', '2018-01-25 06:38:19', '2019-09-09 12:12:12');
INSERT INTO `statistics_daily` VALUES ('1247', '2018-03-24', '624', '28', '252', '14', '2018-01-25 06:38:19', '2019-09-09 12:12:12');
INSERT INTO `statistics_daily` VALUES ('1248', '2018-03-25', '624', '28', '253', '14', '2018-01-25 06:38:19', '2019-09-09 12:12:12');
INSERT INTO `statistics_daily` VALUES ('1249', '2018-03-26', '625', '28', '253', '14', '2018-01-25 06:38:19', '2019-09-09 12:12:12');
INSERT INTO `statistics_daily` VALUES ('1250', '2018-03-27', '625', '28', '253', '14', '2018-01-25 06:38:19', '2019-09-09 12:12:12');
INSERT INTO `statistics_daily` VALUES ('1251', '2018-03-28', '626', '28', '253', '14', '2018-01-25 06:38:19', '2019-09-09 12:12:12');
INSERT INTO `statistics_daily` VALUES ('1252', '2018-03-29', '626', '28', '253', '14', '2018-01-25 06:38:19', '2019-09-09 12:12:12');
INSERT INTO `statistics_daily` VALUES ('1253', '2018-03-30', '627', '28', '254', '14', '2018-01-25 06:38:19', '2019-09-09 12:12:12');
INSERT INTO `statistics_daily` VALUES ('1254', '2018-03-31', '627', '28', '254', '14', '2018-01-25 06:38:19', '2019-09-09 12:12:12');
INSERT INTO `statistics_daily` VALUES ('1255', '2018-04-01', '628', '28', '254', '14', '2018-01-25 06:38:19', '2019-09-09 12:12:12');
INSERT INTO `statistics_daily` VALUES ('1256', '2018-04-02', '628', '28', '254', '14', '2018-01-25 06:38:19', '2019-09-09 12:12:12');
INSERT INTO `statistics_daily` VALUES ('1257', '2018-04-03', '629', '28', '254', '14', '2018-01-25 06:38:19', '2019-09-09 12:12:12');
INSERT INTO `statistics_daily` VALUES ('1258', '2018-04-04', '629', '28', '255', '14', '2018-01-25 06:38:19', '2019-09-09 12:12:12');
INSERT INTO `statistics_daily` VALUES ('1259', '2018-04-05', '630', '28', '255', '14', '2018-01-25 06:38:19', '2019-09-09 12:12:12');
INSERT INTO `statistics_daily` VALUES ('1260', '2018-04-06', '630', '28', '255', '14', '2018-01-25 06:38:19', '2019-09-09 12:12:12');
INSERT INTO `statistics_daily` VALUES ('1261', '2018-04-07', '631', '28', '255', '14', '2018-01-25 06:38:19', '2019-09-09 12:12:12');
INSERT INTO `statistics_daily` VALUES ('1262', '2018-04-08', '631', '28', '255', '14', '2018-01-25 06:38:19', '2019-09-09 12:12:12');
INSERT INTO `statistics_daily` VALUES ('1263', '2018-04-09', '632', '28', '256', '14', '2018-01-25 06:38:19', '2019-09-09 12:12:12');
INSERT INTO `statistics_daily` VALUES ('1264', '2018-04-10', '632', '28', '256', '14', '2018-01-25 06:38:19', '2019-09-09 12:12:12');
INSERT INTO `statistics_daily` VALUES ('1265', '2018-04-11', '633', '28', '256', '14', '2018-01-25 06:38:19', '2019-09-09 12:12:12');
INSERT INTO `statistics_daily` VALUES ('1266', '2018-04-12', '633', '28', '256', '14', '2018-01-25 06:38:19', '2019-09-09 12:12:12');
INSERT INTO `statistics_daily` VALUES ('1267', '2018-04-13', '634', '28', '256', '14', '2018-01-25 06:38:19', '2019-09-09 12:12:12');
INSERT INTO `statistics_daily` VALUES ('1268', '2018-04-14', '634', '28', '257', '14', '2018-01-25 06:38:19', '2019-09-09 12:12:12');
INSERT INTO `statistics_daily` VALUES ('1269', '2018-04-15', '635', '28', '257', '14', '2018-01-25 06:38:19', '2019-09-09 12:12:12');
INSERT INTO `statistics_daily` VALUES ('1270', '2018-04-16', '635', '28', '257', '14', '2018-01-25 06:38:19', '2019-09-09 12:12:12');
INSERT INTO `statistics_daily` VALUES ('1271', '2018-04-17', '636', '28', '257', '14', '2018-01-25 06:38:19', '2019-09-09 12:12:12');
INSERT INTO `statistics_daily` VALUES ('1272', '2018-04-18', '636', '28', '257', '14', '2018-01-25 06:38:19', '2019-09-09 12:12:12');
INSERT INTO `statistics_daily` VALUES ('1273', '2018-04-19', '637', '28', '258', '14', '2018-01-25 06:38:19', '2019-09-09 12:12:12');
INSERT INTO `statistics_daily` VALUES ('1274', '2018-04-20', '637', '28', '258', '14', '2018-01-25 06:38:19', '2019-09-09 12:12:12');
INSERT INTO `statistics_daily` VALUES ('1275', '2018-04-21', '638', '29', '258', '14', '2018-01-25 06:38:19', '2019-09-09 12:12:12');
INSERT INTO `statistics_daily` VALUES ('1276', '2018-04-22', '638', '29', '258', '14', '2018-01-25 06:38:19', '2019-09-09 12:12:12');
INSERT INTO `statistics_daily` VALUES ('1277', '2018-04-23', '639', '29', '258', '14', '2018-01-25 06:38:19', '2019-09-09 12:12:12');
INSERT INTO `statistics_daily` VALUES ('1278', '2018-04-24', '639', '29', '259', '14', '2018-01-25 06:38:19', '2019-09-09 12:12:12');
INSERT INTO `statistics_daily` VALUES ('1279', '2018-04-25', '640', '29', '259', '14', '2018-01-25 06:38:19', '2019-09-09 12:12:12');
INSERT INTO `statistics_daily` VALUES ('1280', '2018-04-26', '640', '29', '259', '14', '2018-01-25 06:38:19', '2019-09-09 12:12:12');
INSERT INTO `statistics_daily` VALUES ('1281', '2018-04-27', '641', '29', '259', '14', '2018-01-25 06:38:19', '2019-09-09 12:12:12');
INSERT INTO `statistics_daily` VALUES ('1282', '2018-04-28', '641', '29', '259', '14', '2018-01-25 06:38:19', '2019-09-09 12:12:12');
INSERT INTO `statistics_daily` VALUES ('1283', '2018-04-29', '642', '29', '260', '14', '2018-01-25 06:38:19', '2019-09-09 12:12:12');
INSERT INTO `statistics_daily` VALUES ('1284', '2018-04-30', '642', '29', '260', '14', '2018-01-25 06:38:19', '2019-09-09 12:12:12');
INSERT INTO `statistics_daily` VALUES ('1285', '2018-05-01', '643', '29', '260', '14', '2018-01-25 06:38:19', '2019-09-09 12:12:12');
INSERT INTO `statistics_daily` VALUES ('1286', '2018-05-02', '643', '29', '260', '14', '2018-01-25 06:38:19', '2019-09-09 12:12:12');
INSERT INTO `statistics_daily` VALUES ('1287', '2018-05-03', '644', '29', '260', '14', '2018-01-25 06:38:19', '2019-09-09 12:12:12');
INSERT INTO `statistics_daily` VALUES ('1288', '2018-05-04', '644', '29', '261', '14', '2018-01-25 06:38:19', '2019-09-09 12:12:12');
INSERT INTO `statistics_daily` VALUES ('1289', '2018-05-05', '645', '29', '261', '14', '2018-01-25 06:38:19', '2019-09-09 12:12:12');
INSERT INTO `statistics_daily` VALUES ('1290', '2018-05-06', '645', '29', '261', '14', '2018-01-25 06:38:19', '2019-09-09 12:12:12');
INSERT INTO `statistics_daily` VALUES ('1291', '2018-05-07', '646', '29', '261', '14', '2018-01-25 06:38:19', '2019-09-09 12:12:12');
INSERT INTO `statistics_daily` VALUES ('1292', '2018-05-08', '646', '29', '261', '14', '2018-01-25 06:38:19', '2019-09-09 12:12:12');
INSERT INTO `statistics_daily` VALUES ('1293', '2018-05-09', '647', '29', '262', '14', '2018-01-25 06:38:19', '2019-09-09 12:12:12');
INSERT INTO `statistics_daily` VALUES ('1294', '2018-05-10', '647', '29', '262', '14', '2018-01-25 06:38:19', '2019-09-09 12:12:12');
INSERT INTO `statistics_daily` VALUES ('1295', '2018-05-11', '648', '29', '262', '14', '2018-01-25 06:38:19', '2019-09-09 12:12:12');
INSERT INTO `statistics_daily` VALUES ('1296', '2018-05-12', '648', '29', '262', '14', '2018-01-25 06:38:19', '2019-09-09 12:12:12');
INSERT INTO `statistics_daily` VALUES ('1297', '2018-05-13', '649', '29', '262', '14', '2018-01-25 06:38:19', '2019-09-09 12:12:12');
INSERT INTO `statistics_daily` VALUES ('1298', '2018-05-14', '649', '29', '263', '14', '2018-01-25 06:38:19', '2019-09-09 12:12:12');
INSERT INTO `statistics_daily` VALUES ('1299', '2018-05-15', '5', '29', '263', '14', '2018-01-25 06:38:19', '2019-09-09 12:12:12');
INSERT INTO `statistics_daily` VALUES ('1300', '2018-05-16', '650', '29', '263', '14', '2018-01-25 06:38:19', '2019-09-09 12:12:12');
INSERT INTO `statistics_daily` VALUES ('1301', '2018-05-17', '651', '29', '263', '14', '2018-01-25 06:38:19', '2019-09-09 12:12:12');
INSERT INTO `statistics_daily` VALUES ('1302', '2018-05-18', '651', '29', '263', '14', '2018-01-25 06:38:19', '2019-09-09 12:12:12');
INSERT INTO `statistics_daily` VALUES ('1303', '2018-05-19', '652', '29', '264', '14', '2018-01-25 06:38:19', '2019-09-09 12:12:12');
INSERT INTO `statistics_daily` VALUES ('1304', '2018-05-20', '652', '29', '264', '14', '2018-01-25 06:38:19', '2019-09-09 12:12:12');
INSERT INTO `statistics_daily` VALUES ('1305', '2018-05-21', '653', '29', '264', '14', '2018-01-25 06:38:19', '2019-09-09 12:12:12');
INSERT INTO `statistics_daily` VALUES ('1306', '2018-05-22', '1', '29', '264', '14', '2018-01-25 06:38:19', '2019-09-09 12:12:12');
INSERT INTO `statistics_daily` VALUES ('1307', '2018-05-23', '654', '29', '264', '14', '2018-01-25 06:38:19', '2019-09-09 12:12:12');
INSERT INTO `statistics_daily` VALUES ('1308', '2018-05-24', '654', '29', '265', '14', '2018-01-25 06:38:19', '2019-09-09 12:12:12');
INSERT INTO `statistics_daily` VALUES ('1309', '2018-05-25', '1', '29', '265', '14', '2018-01-25 06:38:19', '2019-09-09 12:12:12');
INSERT INTO `statistics_daily` VALUES ('1310', '2018-05-26', '655', '29', '265', '14', '2018-01-25 06:38:19', '2019-09-09 12:12:12');
INSERT INTO `statistics_daily` VALUES ('1311', '2018-05-27', '656', '29', '265', '14', '2018-01-25 06:38:19', '2019-09-09 12:12:12');
INSERT INTO `statistics_daily` VALUES ('1312', '2018-05-28', '656', '29', '265', '14', '2018-01-25 06:38:19', '2019-09-09 12:12:12');
INSERT INTO `statistics_daily` VALUES ('1313', '2018-05-29', '657', '29', '266', '14', '2018-01-25 06:38:19', '2019-09-09 12:12:12');
INSERT INTO `statistics_daily` VALUES ('1314', '2018-05-30', '657', '29', '266', '14', '2018-01-25 06:38:19', '2019-09-09 12:12:12');
INSERT INTO `statistics_daily` VALUES ('1315', '2018-05-31', '658', '29', '266', '14', '2018-01-25 06:38:19', '2019-09-09 12:12:12');
INSERT INTO `statistics_daily` VALUES ('1316', '2018-06-01', '658', '29', '266', '14', '2018-01-25 06:38:19', '2019-09-09 12:12:12');
INSERT INTO `statistics_daily` VALUES ('1317', '2018-06-02', '659', '29', '266', '14', '2018-01-25 06:38:19', '2019-09-09 12:12:12');
INSERT INTO `statistics_daily` VALUES ('1318', '2018-06-03', '659', '29', '267', '14', '2018-01-25 06:38:19', '2019-09-09 12:12:12');
INSERT INTO `statistics_daily` VALUES ('1319', '2018-06-04', '660', '29', '267', '14', '2018-01-25 06:38:19', '2019-09-09 12:12:12');
INSERT INTO `statistics_daily` VALUES ('1320', '2018-06-05', '660', '29', '267', '14', '2018-01-25 06:38:19', '2019-09-09 12:12:12');
INSERT INTO `statistics_daily` VALUES ('1321', '2018-06-06', '661', '29', '267', '14', '2018-01-25 06:38:19', '2019-09-09 12:12:12');
INSERT INTO `statistics_daily` VALUES ('1322', '2018-06-07', '661', '29', '267', '14', '2018-01-25 06:38:19', '2019-09-09 12:12:12');
INSERT INTO `statistics_daily` VALUES ('1323', '2018-06-08', '662', '29', '268', '14', '2018-01-25 06:38:19', '2019-09-09 12:12:12');
INSERT INTO `statistics_daily` VALUES ('1324', '2018-06-09', '662', '29', '268', '14', '2018-01-25 06:38:19', '2019-09-09 12:12:12');
INSERT INTO `statistics_daily` VALUES ('1325', '2018-06-10', '663', '30', '268', '14', '2018-01-25 06:38:19', '2019-09-09 12:12:12');
INSERT INTO `statistics_daily` VALUES ('1326', '2018-06-11', '663', '30', '268', '14', '2018-01-25 06:38:19', '2019-09-09 12:12:12');
INSERT INTO `statistics_daily` VALUES ('1327', '2018-06-12', '664', '30', '268', '14', '2018-01-25 06:38:19', '2019-09-09 12:12:12');
INSERT INTO `statistics_daily` VALUES ('1328', '2018-06-13', '664', '30', '269', '14', '2018-01-25 06:38:19', '2019-09-09 12:12:12');
INSERT INTO `statistics_daily` VALUES ('1329', '2018-06-14', '665', '30', '269', '14', '2018-01-25 06:38:19', '2019-09-09 12:12:12');
INSERT INTO `statistics_daily` VALUES ('1330', '2018-06-15', '665', '30', '269', '14', '2018-01-25 06:38:19', '2019-09-09 12:12:12');
INSERT INTO `statistics_daily` VALUES ('1331', '2018-06-16', '666', '30', '269', '14', '2018-01-25 06:38:19', '2019-09-09 12:12:12');
INSERT INTO `statistics_daily` VALUES ('1332', '2018-06-17', '666', '30', '269', '14', '2018-01-25 06:38:19', '2019-09-09 12:12:12');
INSERT INTO `statistics_daily` VALUES ('1333', '2018-06-18', '667', '30', '270', '14', '2018-01-25 06:38:19', '2019-09-09 12:12:12');
INSERT INTO `statistics_daily` VALUES ('1334', '2018-06-19', '667', '30', '270', '14', '2018-01-25 06:38:19', '2019-09-09 12:12:12');
INSERT INTO `statistics_daily` VALUES ('1335', '2018-06-20', '668', '30', '270', '14', '2018-01-25 06:38:19', '2019-09-09 12:12:12');
INSERT INTO `statistics_daily` VALUES ('1336', '2018-06-21', '668', '30', '270', '14', '2018-01-25 06:38:19', '2019-09-09 12:12:12');
INSERT INTO `statistics_daily` VALUES ('1337', '2018-06-22', '669', '30', '270', '14', '2018-01-25 06:38:19', '2019-09-09 12:12:12');
INSERT INTO `statistics_daily` VALUES ('1338', '2018-06-23', '669', '30', '271', '14', '2018-01-25 06:38:19', '2019-09-09 12:12:12');
INSERT INTO `statistics_daily` VALUES ('1339', '2018-06-24', '670', '30', '271', '14', '2018-01-25 06:38:19', '2019-09-09 12:12:12');
INSERT INTO `statistics_daily` VALUES ('1340', '2018-06-25', '670', '30', '271', '14', '2018-01-25 06:38:19', '2019-09-09 12:12:12');
INSERT INTO `statistics_daily` VALUES ('1341', '2018-06-26', '671', '30', '271', '14', '2018-01-25 06:38:19', '2019-09-09 12:12:12');
INSERT INTO `statistics_daily` VALUES ('1342', '2018-06-27', '671', '30', '271', '14', '2018-01-25 06:38:19', '2019-09-09 12:12:12');
INSERT INTO `statistics_daily` VALUES ('1343', '2018-06-28', '672', '30', '272', '14', '2018-01-25 06:38:19', '2019-09-09 12:12:12');
INSERT INTO `statistics_daily` VALUES ('1344', '2018-06-29', '672', '30', '272', '14', '2018-01-25 06:38:19', '2019-09-09 12:12:12');
INSERT INTO `statistics_daily` VALUES ('1345', '2018-06-30', '673', '30', '272', '14', '2018-01-25 06:38:20', '2019-09-09 12:12:12');
INSERT INTO `statistics_daily` VALUES ('1346', '2018-07-01', '673', '30', '272', '14', '2018-01-25 06:38:20', '2019-09-09 12:12:12');
INSERT INTO `statistics_daily` VALUES ('1347', '2018-07-02', '674', '30', '272', '14', '2018-01-25 06:38:20', '2019-09-09 12:12:12');
INSERT INTO `statistics_daily` VALUES ('1348', '2018-07-03', '674', '30', '273', '14', '2018-01-25 06:38:20', '2019-09-09 12:12:12');
INSERT INTO `statistics_daily` VALUES ('1349', '2018-07-04', '675', '30', '273', '14', '2018-01-25 06:38:20', '2019-09-09 12:12:12');
INSERT INTO `statistics_daily` VALUES ('1350', '2018-07-05', '675', '30', '273', '14', '2018-01-25 06:38:20', '2019-09-09 12:12:12');
INSERT INTO `statistics_daily` VALUES ('1351', '2018-07-06', '676', '30', '273', '14', '2018-01-25 06:38:20', '2019-09-09 12:12:12');
INSERT INTO `statistics_daily` VALUES ('1352', '2018-07-07', '676', '30', '273', '14', '2018-01-25 06:38:20', '2019-09-09 12:12:12');
INSERT INTO `statistics_daily` VALUES ('1353', '2018-07-08', '677', '30', '274', '14', '2018-01-25 06:38:20', '2019-09-09 12:12:12');
INSERT INTO `statistics_daily` VALUES ('1354', '2018-07-09', '677', '30', '274', '14', '2018-01-25 06:38:20', '2019-09-09 12:12:12');
INSERT INTO `statistics_daily` VALUES ('1355', '2018-07-10', '678', '30', '274', '14', '2018-01-25 06:38:20', '2019-09-09 12:12:12');
INSERT INTO `statistics_daily` VALUES ('1356', '2018-07-11', '678', '30', '274', '14', '2018-01-25 06:38:20', '2019-09-09 12:12:12');
INSERT INTO `statistics_daily` VALUES ('1357', '2018-07-12', '679', '30', '274', '14', '2018-01-25 06:38:20', '2019-09-09 12:12:12');
INSERT INTO `statistics_daily` VALUES ('1358', '2018-07-13', '679', '30', '275', '14', '2018-01-25 06:38:20', '2019-09-09 12:12:12');
INSERT INTO `statistics_daily` VALUES ('1359', '2018-07-14', '680', '30', '275', '14', '2018-01-25 06:38:20', '2019-09-09 12:12:12');
INSERT INTO `statistics_daily` VALUES ('1360', '2018-07-15', '680', '30', '275', '14', '2018-01-25 06:38:20', '2019-09-09 12:12:12');
INSERT INTO `statistics_daily` VALUES ('1361', '2018-07-16', '681', '30', '275', '14', '2018-01-25 06:38:20', '2019-09-09 12:12:12');
INSERT INTO `statistics_daily` VALUES ('1362', '2018-07-17', '681', '30', '275', '14', '2018-01-25 06:38:20', '2019-09-09 12:12:12');
INSERT INTO `statistics_daily` VALUES ('1363', '2018-07-18', '682', '30', '276', '14', '2018-01-25 06:38:20', '2019-09-09 12:12:12');
INSERT INTO `statistics_daily` VALUES ('1364', '2018-07-19', '682', '30', '276', '14', '2018-01-25 06:38:20', '2019-09-09 12:12:12');
INSERT INTO `statistics_daily` VALUES ('1365', '2018-07-20', '683', '30', '276', '14', '2018-01-25 06:38:20', '2019-09-09 12:12:12');
INSERT INTO `statistics_daily` VALUES ('1366', '2018-07-21', '683', '30', '276', '14', '2018-01-25 06:38:20', '2019-09-09 12:12:12');
INSERT INTO `statistics_daily` VALUES ('1367', '2018-07-22', '684', '30', '276', '14', '2018-01-25 06:38:20', '2019-09-09 12:12:12');
INSERT INTO `statistics_daily` VALUES ('1368', '2018-07-23', '684', '30', '277', '14', '2018-01-25 06:38:20', '2019-09-09 12:12:12');
INSERT INTO `statistics_daily` VALUES ('1369', '2018-07-24', '685', '30', '277', '14', '2018-01-25 06:38:20', '2019-09-09 12:12:12');
INSERT INTO `statistics_daily` VALUES ('1370', '2018-07-25', '685', '30', '277', '14', '2018-01-25 06:38:20', '2019-09-09 12:12:12');
INSERT INTO `statistics_daily` VALUES ('1371', '2018-07-26', '686', '30', '277', '14', '2018-01-25 06:38:20', '2019-09-09 12:12:12');
INSERT INTO `statistics_daily` VALUES ('1372', '2018-07-27', '686', '30', '277', '14', '2018-01-25 06:38:20', '2019-09-09 12:12:12');
INSERT INTO `statistics_daily` VALUES ('1373', '2018-07-28', '687', '30', '278', '14', '2018-01-25 06:38:20', '2019-09-09 12:12:12');
INSERT INTO `statistics_daily` VALUES ('1374', '2018-07-29', '687', '30', '278', '14', '2018-01-25 06:38:20', '2019-09-09 12:12:12');
INSERT INTO `statistics_daily` VALUES ('1375', '2018-07-30', '688', '31', '278', '14', '2018-01-25 06:38:20', '2019-09-09 12:12:12');
INSERT INTO `statistics_daily` VALUES ('1376', '2018-07-31', '688', '31', '278', '14', '2018-01-25 06:38:20', '2019-09-09 12:12:12');
INSERT INTO `statistics_daily` VALUES ('1377', '2018-08-01', '689', '31', '278', '14', '2018-01-25 06:38:20', '2019-09-09 12:12:12');
INSERT INTO `statistics_daily` VALUES ('1378', '2018-08-02', '689', '31', '279', '14', '2018-01-25 06:38:20', '2019-09-09 12:12:12');
INSERT INTO `statistics_daily` VALUES ('1379', '2018-08-03', '690', '31', '279', '14', '2018-01-25 06:38:20', '2019-09-09 12:12:12');
INSERT INTO `statistics_daily` VALUES ('1380', '2018-08-04', '690', '31', '279', '14', '2018-01-25 06:38:20', '2019-09-09 12:12:12');
INSERT INTO `statistics_daily` VALUES ('1381', '2018-08-05', '691', '31', '279', '14', '2018-01-25 06:38:20', '2019-09-09 12:12:12');
INSERT INTO `statistics_daily` VALUES ('1382', '2018-08-06', '691', '31', '279', '14', '2018-01-25 06:38:20', '2019-09-09 12:12:12');
INSERT INTO `statistics_daily` VALUES ('1383', '2018-08-07', '692', '31', '280', '14', '2018-01-25 06:38:20', '2019-09-09 12:12:12');
INSERT INTO `statistics_daily` VALUES ('1384', '2018-08-08', '692', '31', '280', '14', '2018-01-25 06:38:20', '2019-09-09 12:12:12');
INSERT INTO `statistics_daily` VALUES ('1385', '2018-08-09', '1', '31', '280', '14', '2018-01-25 06:38:20', '2019-09-09 12:12:12');
INSERT INTO `statistics_daily` VALUES ('1386', '2018-08-10', '693', '31', '280', '14', '2018-01-25 06:38:20', '2019-09-09 12:12:12');
INSERT INTO `statistics_daily` VALUES ('1387', '2018-08-11', '694', '31', '280', '14', '2018-01-25 06:38:20', '2019-09-09 12:12:12');
INSERT INTO `statistics_daily` VALUES ('1388', '2018-08-12', '694', '31', '281', '14', '2018-01-25 06:38:20', '2019-09-09 12:12:12');
INSERT INTO `statistics_daily` VALUES ('1389', '2018-08-13', '695', '31', '281', '14', '2018-01-25 06:38:20', '2019-09-09 12:12:12');
INSERT INTO `statistics_daily` VALUES ('1390', '2018-08-14', '695', '31', '281', '14', '2018-01-25 06:38:20', '2019-09-09 12:12:12');
INSERT INTO `statistics_daily` VALUES ('1391', '2018-08-15', '696', '31', '281', '14', '2018-01-25 06:38:20', '2019-09-09 12:12:12');
INSERT INTO `statistics_daily` VALUES ('1392', '2018-08-16', '696', '31', '281', '14', '2018-01-25 06:38:20', '2019-09-09 12:12:12');
INSERT INTO `statistics_daily` VALUES ('1393', '2018-08-17', '697', '31', '282', '14', '2018-01-25 06:38:20', '2019-09-09 12:12:12');
INSERT INTO `statistics_daily` VALUES ('1394', '2018-08-18', '697', '31', '282', '14', '2018-01-25 06:38:20', '2019-09-09 12:12:12');
INSERT INTO `statistics_daily` VALUES ('1395', '2018-08-19', '698', '31', '282', '14', '2018-01-25 06:38:20', '2019-09-09 12:12:12');
INSERT INTO `statistics_daily` VALUES ('1396', '2018-08-20', '698', '31', '282', '14', '2018-01-25 06:38:20', '2019-09-09 12:12:12');
INSERT INTO `statistics_daily` VALUES ('1397', '2018-08-21', '699', '31', '282', '14', '2018-01-25 06:38:20', '2019-09-09 12:12:12');
INSERT INTO `statistics_daily` VALUES ('1398', '2018-08-22', '699', '31', '283', '14', '2018-01-25 06:38:20', '2019-09-09 12:12:12');
INSERT INTO `statistics_daily` VALUES ('1399', '2018-08-23', '700', '31', '283', '14', '2018-01-25 06:38:20', '2019-09-09 12:12:12');
INSERT INTO `statistics_daily` VALUES ('1400', '2018-08-24', '700', '31', '283', '14', '2018-01-25 06:38:20', '2019-09-09 12:12:12');
INSERT INTO `statistics_daily` VALUES ('1401', '2018-08-25', '701', '31', '283', '14', '2018-01-25 06:38:20', '2019-09-09 12:12:12');
INSERT INTO `statistics_daily` VALUES ('1402', '2018-08-26', '701', '31', '283', '14', '2018-01-25 06:38:20', '2019-09-09 12:12:12');
INSERT INTO `statistics_daily` VALUES ('1403', '2018-08-27', '702', '31', '284', '14', '2018-01-25 06:38:20', '2019-09-09 12:12:12');
INSERT INTO `statistics_daily` VALUES ('1404', '2018-08-28', '702', '31', '284', '14', '2018-01-25 06:38:20', '2019-09-09 12:12:12');
INSERT INTO `statistics_daily` VALUES ('1405', '2018-08-29', '703', '31', '284', '14', '2018-01-25 06:38:20', '2019-09-09 12:12:12');
INSERT INTO `statistics_daily` VALUES ('1406', '2018-08-30', '703', '31', '284', '14', '2018-01-25 06:38:20', '2019-09-09 12:12:12');
INSERT INTO `statistics_daily` VALUES ('1407', '2018-08-31', '704', '31', '284', '14', '2018-01-25 06:38:20', '2019-09-09 12:12:12');
INSERT INTO `statistics_daily` VALUES ('1408', '2018-09-01', '1', '31', '285', '14', '2018-01-25 06:38:20', '2019-09-09 12:12:12');
INSERT INTO `statistics_daily` VALUES ('1409', '2018-09-02', '705', '31', '285', '14', '2018-01-25 06:38:20', '2019-09-09 12:12:12');
INSERT INTO `statistics_daily` VALUES ('1410', '2018-09-03', '705', '31', '285', '14', '2018-01-25 06:38:20', '2019-09-09 12:12:12');
INSERT INTO `statistics_daily` VALUES ('1411', '2018-09-04', '706', '31', '285', '14', '2018-01-25 06:38:20', '2019-09-09 12:12:12');
INSERT INTO `statistics_daily` VALUES ('1412', '2018-09-05', '706', '31', '285', '14', '2018-01-25 06:38:20', '2019-09-09 12:12:12');
INSERT INTO `statistics_daily` VALUES ('1413', '2018-09-06', '707', '31', '286', '14', '2018-01-25 06:38:20', '2019-09-09 12:12:12');
INSERT INTO `statistics_daily` VALUES ('1414', '2018-09-07', '707', '31', '1', '14', '2018-01-25 06:38:20', '2019-09-09 12:12:12');
INSERT INTO `statistics_daily` VALUES ('1415', '2018-09-08', '708', '31', '1', '14', '2018-01-25 06:38:20', '2019-09-09 12:12:12');
INSERT INTO `statistics_daily` VALUES ('1416', '2018-09-09', '1', '31', '1', '14', '2018-01-25 06:38:20', '2019-09-09 12:12:12');
INSERT INTO `statistics_daily` VALUES ('1417', '2018-09-10', '1', '31', '2', '14', '2018-01-25 06:38:20', '2019-09-09 12:12:12');
INSERT INTO `statistics_daily` VALUES ('1418', '2018-09-11', '709', '31', '287', '14', '2018-01-25 06:38:20', '2019-09-09 12:12:12');
INSERT INTO `statistics_daily` VALUES ('1419', '2018-09-12', '710', '31', '287', '14', '2018-01-25 06:38:20', '2019-09-09 12:12:12');
INSERT INTO `statistics_daily` VALUES ('1420', '2018-09-13', '710', '31', '287', '14', '2018-01-25 06:38:20', '2019-09-09 12:12:12');
INSERT INTO `statistics_daily` VALUES ('1421', '2018-09-14', '711', '31', '287', '14', '2018-01-25 06:38:20', '2019-09-09 12:12:12');
INSERT INTO `statistics_daily` VALUES ('1422', '2018-09-15', '711', '31', '287', '14', '2018-01-25 06:38:20', '2019-09-09 12:12:12');
INSERT INTO `statistics_daily` VALUES ('1423', '2018-09-16', '712', '31', '288', '14', '2018-01-25 06:38:20', '2019-09-09 12:12:12');
INSERT INTO `statistics_daily` VALUES ('1424', '2018-09-17', '712', '31', '288', '14', '2018-01-25 06:38:20', '2019-09-09 12:12:12');
INSERT INTO `statistics_daily` VALUES ('1425', '2018-09-18', '713', '32', '288', '14', '2018-01-25 06:38:20', '2019-09-09 12:12:12');
INSERT INTO `statistics_daily` VALUES ('1426', '2018-09-19', '713', '32', '288', '14', '2018-01-25 06:38:20', '2019-09-09 12:12:12');
INSERT INTO `statistics_daily` VALUES ('1427', '2018-09-20', '714', '32', '288', '14', '2018-01-25 06:38:20', '2019-09-09 12:12:12');
INSERT INTO `statistics_daily` VALUES ('1428', '2018-09-21', '714', '32', '289', '14', '2018-01-25 06:38:20', '2019-09-09 12:12:12');
INSERT INTO `statistics_daily` VALUES ('1429', '2018-09-22', '715', '32', '289', '14', '2018-01-25 06:38:20', '2019-09-09 12:12:12');
INSERT INTO `statistics_daily` VALUES ('1430', '2018-09-23', '715', '32', '289', '14', '2018-01-25 06:38:20', '2019-09-09 12:12:12');
INSERT INTO `statistics_daily` VALUES ('1431', '2018-09-24', '716', '32', '1', '14', '2018-01-25 06:38:20', '2019-09-09 12:12:12');
INSERT INTO `statistics_daily` VALUES ('1432', '2018-09-25', '716', '32', '289', '14', '2018-01-25 06:38:20', '2019-09-09 12:12:12');
INSERT INTO `statistics_daily` VALUES ('1433', '2018-09-26', '717', '32', '290', '14', '2018-01-25 06:38:20', '2019-09-09 12:12:12');
INSERT INTO `statistics_daily` VALUES ('1434', '2018-09-27', '717', '32', '290', '14', '2018-01-25 06:38:20', '2019-09-09 12:12:12');
INSERT INTO `statistics_daily` VALUES ('1435', '2018-09-28', '718', '32', '290', '14', '2018-01-25 06:38:20', '2019-09-09 12:12:12');
INSERT INTO `statistics_daily` VALUES ('1436', '2018-09-29', '718', '32', '1', '14', '2018-01-25 06:38:20', '2019-09-09 12:12:12');
INSERT INTO `statistics_daily` VALUES ('1437', '2018-09-30', '719', '32', '290', '14', '2018-01-25 06:38:20', '2019-09-09 12:12:12');
INSERT INTO `statistics_daily` VALUES ('1438', '2018-10-01', '719', '32', '291', '14', '2018-01-25 06:38:20', '2019-09-09 12:12:12');
INSERT INTO `statistics_daily` VALUES ('1439', '2018-10-02', '720', '32', '291', '14', '2018-01-25 06:38:20', '2019-09-09 12:12:12');
INSERT INTO `statistics_daily` VALUES ('1440', '2018-10-03', '720', '32', '291', '14', '2018-01-25 06:38:20', '2019-09-09 12:12:12');
INSERT INTO `statistics_daily` VALUES ('1441', '2018-10-04', '721', '32', '291', '14', '2018-01-25 06:38:20', '2019-09-09 12:12:12');
INSERT INTO `statistics_daily` VALUES ('1442', '2018-10-05', '721', '32', '291', '14', '2018-01-25 06:38:20', '2019-09-09 12:12:12');
INSERT INTO `statistics_daily` VALUES ('1443', '2018-10-06', '722', '32', '292', '14', '2018-01-25 06:38:20', '2019-09-09 12:12:12');
INSERT INTO `statistics_daily` VALUES ('1444', '2018-10-07', '722', '32', '292', '14', '2018-01-25 06:38:20', '2019-09-09 12:12:12');
INSERT INTO `statistics_daily` VALUES ('1445', '2018-10-08', '1', '32', '292', '14', '2018-01-25 06:38:20', '2019-09-09 12:12:12');
INSERT INTO `statistics_daily` VALUES ('1446', '2018-10-09', '723', '32', '292', '14', '2018-01-25 06:38:20', '2019-09-09 12:12:12');
INSERT INTO `statistics_daily` VALUES ('1447', '2018-10-10', '724', '32', '292', '14', '2018-01-25 06:38:20', '2019-09-09 12:12:12');
INSERT INTO `statistics_daily` VALUES ('1448', '2018-10-11', '724', '32', '293', '14', '2018-01-25 06:38:20', '2019-09-09 12:12:12');
INSERT INTO `statistics_daily` VALUES ('1449', '2018-10-12', '725', '32', '293', '14', '2018-01-25 06:38:20', '2019-09-09 12:12:12');
INSERT INTO `statistics_daily` VALUES ('1450', '2018-10-13', '725', '32', '293', '14', '2018-01-25 06:38:20', '2019-09-09 12:12:12');
INSERT INTO `statistics_daily` VALUES ('1451', '2018-10-14', '726', '32', '4', '14', '2018-01-25 06:38:20', '2019-09-09 12:12:12');
INSERT INTO `statistics_daily` VALUES ('1452', '2018-10-15', '726', '32', '293', '14', '2018-01-25 06:38:20', '2019-09-09 12:12:12');
INSERT INTO `statistics_daily` VALUES ('1453', '2018-10-16', '727', '32', '294', '14', '2018-01-25 06:38:20', '2019-09-09 12:12:12');
INSERT INTO `statistics_daily` VALUES ('1454', '2018-10-17', '727', '32', '294', '14', '2018-01-25 06:38:20', '2019-09-09 12:12:12');
INSERT INTO `statistics_daily` VALUES ('1455', '2018-10-18', '728', '32', '294', '14', '2018-01-25 06:38:20', '2019-09-09 12:12:12');
INSERT INTO `statistics_daily` VALUES ('1456', '2018-10-19', '728', '32', '294', '14', '2018-01-25 06:38:20', '2019-09-09 12:12:12');
INSERT INTO `statistics_daily` VALUES ('1457', '2018-10-20', '729', '32', '294', '14', '2018-01-25 06:38:20', '2019-09-09 12:12:12');
INSERT INTO `statistics_daily` VALUES ('1458', '2018-10-21', '729', '32', '295', '14', '2018-01-25 06:38:20', '2019-09-09 12:12:12');
INSERT INTO `statistics_daily` VALUES ('1459', '2018-10-22', '730', '32', '1', '14', '2018-01-25 06:38:20', '2019-09-09 12:12:12');
INSERT INTO `statistics_daily` VALUES ('1460', '2018-10-23', '730', '32', '295', '14', '2018-01-25 06:38:20', '2019-09-09 12:12:12');
INSERT INTO `statistics_daily` VALUES ('1461', '2018-10-24', '731', '32', '295', '14', '2018-01-25 06:38:20', '2019-09-09 12:12:12');
INSERT INTO `statistics_daily` VALUES ('1462', '2018-10-25', '731', '32', '295', '14', '2018-01-25 06:38:20', '2019-09-09 12:12:12');
INSERT INTO `statistics_daily` VALUES ('1463', '2018-10-26', '732', '32', '296', '14', '2018-01-25 06:38:20', '2019-09-09 12:12:12');
INSERT INTO `statistics_daily` VALUES ('1464', '2018-10-27', '732', '32', '296', '14', '2018-01-25 06:38:20', '2019-09-09 12:12:12');
INSERT INTO `statistics_daily` VALUES ('1465', '2018-10-28', '733', '32', '296', '14', '2018-01-25 06:38:20', '2019-09-09 12:12:12');
INSERT INTO `statistics_daily` VALUES ('1466', '2018-10-29', '2', '32', '3', '14', '2018-01-25 06:38:20', '2019-09-09 12:12:12');
INSERT INTO `statistics_daily` VALUES ('1467', '2018-10-30', '734', '32', '296', '14', '2018-01-25 06:38:20', '2019-09-09 12:12:12');
INSERT INTO `statistics_daily` VALUES ('1468', '2018-10-31', '734', '32', '297', '14', '2018-01-25 06:38:20', '2019-09-09 12:12:12');
INSERT INTO `statistics_daily` VALUES ('1469', '2018-11-01', '735', '32', '297', '14', '2018-01-25 06:38:20', '2019-09-09 12:12:12');
INSERT INTO `statistics_daily` VALUES ('1470', '2018-11-02', '735', '32', '297', '14', '2018-01-25 06:38:20', '2019-09-09 12:12:12');
INSERT INTO `statistics_daily` VALUES ('1471', '2018-11-03', '1', '32', '297', '14', '2018-01-25 06:38:20', '2019-09-09 12:12:12');
INSERT INTO `statistics_daily` VALUES ('1472', '2018-11-04', '736', '32', '1', '14', '2018-01-25 06:38:20', '2019-09-09 12:12:12');
INSERT INTO `statistics_daily` VALUES ('1473', '2018-11-05', '737', '32', '298', '14', '2018-01-25 06:38:20', '2019-09-09 12:12:12');
INSERT INTO `statistics_daily` VALUES ('1474', '2018-11-06', '737', '32', '298', '14', '2018-01-25 06:38:20', '2019-09-09 12:12:12');
INSERT INTO `statistics_daily` VALUES ('1475', '2018-11-07', '738', '33', '298', '14', '2018-01-25 06:38:20', '2019-09-09 12:12:12');
INSERT INTO `statistics_daily` VALUES ('1476', '2018-11-08', '738', '33', '169', '14', '2018-01-25 06:38:20', '2019-09-09 12:12:12');
INSERT INTO `statistics_daily` VALUES ('1477', '2018-11-09', '1', '33', '298', '14', '2018-01-25 06:38:20', '2019-09-09 12:12:12');
INSERT INTO `statistics_daily` VALUES ('1478', '2018-11-10', '739', '33', '78', '14', '2018-01-25 06:38:20', '2019-09-09 12:12:12');
INSERT INTO `statistics_daily` VALUES ('1479', '2018-11-11', '740', '33', '299', '14', '2018-01-25 06:38:20', '2019-09-09 12:12:12');
INSERT INTO `statistics_daily` VALUES ('1480', '2018-11-12', '740', '33', '299', '14', '2018-01-25 06:38:20', '2019-09-09 12:12:12');
INSERT INTO `statistics_daily` VALUES ('1481', '2018-11-13', '741', '33', '299', '14', '2018-01-25 06:38:20', '2019-09-09 12:12:12');
INSERT INTO `statistics_daily` VALUES ('1482', '2018-11-14', '741', '33', '299', '14', '2018-01-25 06:38:20', '2019-09-09 12:12:12');
INSERT INTO `statistics_daily` VALUES ('1483', '2018-11-15', '742', '33', '300', '14', '2018-01-25 06:38:20', '2019-09-09 12:12:12');
INSERT INTO `statistics_daily` VALUES ('1484', '2018-11-16', '742', '33', '35', '14', '2018-01-25 06:38:20', '2019-09-09 12:12:12');
INSERT INTO `statistics_daily` VALUES ('1485', '2018-11-17', '743', '33', '300', '14', '2018-01-25 06:38:20', '2019-09-09 12:12:12');
INSERT INTO `statistics_daily` VALUES ('1486', '2018-11-18', '743', '33', '300', '14', '2018-01-25 06:38:20', '2019-09-09 12:12:12');
INSERT INTO `statistics_daily` VALUES ('1487', '2018-11-19', '744', '33', '300', '14', '2018-01-25 06:38:20', '2019-09-09 12:12:12');
INSERT INTO `statistics_daily` VALUES ('1488', '2018-11-20', '744', '33', '301', '14', '2018-01-25 06:38:20', '2019-09-09 12:12:12');
INSERT INTO `statistics_daily` VALUES ('1489', '2018-11-21', '745', '33', '234', '14', '2018-01-25 06:38:20', '2019-09-09 12:12:12');
INSERT INTO `statistics_daily` VALUES ('1490', '2018-11-22', '456', '33', '301', '14', '2018-01-25 06:38:20', '2019-09-09 12:12:12');
INSERT INTO `statistics_daily` VALUES ('1491', '2018-11-23', '746', '33', '301', '14', '2018-01-25 06:38:20', '2019-09-09 12:12:12');
INSERT INTO `statistics_daily` VALUES ('1492', '2018-11-24', '746', '33', '301', '14', '2018-01-25 06:38:20', '2019-09-09 12:12:12');
INSERT INTO `statistics_daily` VALUES ('1493', '2018-11-25', '747', '33', '302', '14', '2018-01-25 06:38:20', '2019-09-09 12:12:12');
INSERT INTO `statistics_daily` VALUES ('1494', '2018-11-26', '747', '4', '302', '14', '2018-01-25 06:38:20', '2019-09-09 12:12:12');
INSERT INTO `statistics_daily` VALUES ('1495', '2018-11-27', '748', '33', '302', '14', '2018-01-25 06:38:20', '2019-09-09 12:12:12');
INSERT INTO `statistics_daily` VALUES ('1496', '2018-11-28', '748', '33', '36', '14', '2018-01-25 06:38:20', '2019-09-09 12:12:12');
INSERT INTO `statistics_daily` VALUES ('1497', '2018-11-29', '749', '33', '302', '2', '2018-01-25 06:38:20', '2019-09-09 12:12:12');
INSERT INTO `statistics_daily` VALUES ('1498', '2018-11-30', '749', '3', '303', '14', '2018-01-25 06:38:20', '2019-09-09 12:12:12');
INSERT INTO `statistics_daily` VALUES ('1499', '2018-12-01', '750', '33', '303', '14', '2018-01-25 06:38:20', '2019-09-09 12:12:12');
INSERT INTO `statistics_daily` VALUES ('1500', '2018-12-02', '234', '33', '303', '14', '2018-01-25 06:38:20', '2019-09-09 12:12:12');
INSERT INTO `statistics_daily` VALUES ('1501', '2018-12-03', '751', '33', '303', '14', '2018-01-25 06:38:20', '2019-09-09 12:12:12');
INSERT INTO `statistics_daily` VALUES ('1502', '2018-12-04', '751', '33', '303', '14', '2018-01-25 06:38:20', '2019-09-09 12:12:12');
INSERT INTO `statistics_daily` VALUES ('1503', '2018-12-05', '752', '6', '304', '33', '2018-01-25 06:38:20', '2019-09-09 12:12:12');
INSERT INTO `statistics_daily` VALUES ('1505', '2018-12-07', '753', '33', '55', '14', '2018-01-25 06:38:20', '2019-09-09 12:12:12');
INSERT INTO `statistics_daily` VALUES ('1506', '2018-12-08', '753', '33', '304', '14', '2018-01-25 06:38:20', '2019-09-09 12:12:12');
INSERT INTO `statistics_daily` VALUES ('1507', '2018-12-09', '754', '33', '304', '14', '2018-01-25 06:38:20', '2019-09-09 12:12:12');
INSERT INTO `statistics_daily` VALUES ('1508', '2018-12-10', '754', '1', '305', '14', '2018-01-25 06:38:20', '2019-09-09 12:12:12');
INSERT INTO `statistics_daily` VALUES ('1508000221068648449', '2019-01-19', '6', '296', '243', '6', '2022-03-27 16:37:25', '2022-03-27 16:37:25');
INSERT INTO `statistics_daily` VALUES ('1508004997927919618', '2022-03-01', '0', '154', '261', '8', '2022-03-27 16:56:24', '2022-03-27 16:56:24');
INSERT INTO `statistics_daily` VALUES ('1508016186107899906', '2022-03-26', '0', '286', '285', '3', '2022-03-27 17:40:51', '2022-03-27 17:40:51');
INSERT INTO `statistics_daily` VALUES ('1508036674498633729', '2022-03-25', '0', '247', '241', '9', '2022-03-27 19:02:16', '2022-03-27 19:02:16');
INSERT INTO `statistics_daily` VALUES ('1509', '2018-12-11', '755', '33', '305', '14', '2018-01-25 06:38:20', '2019-09-09 12:12:12');
INSERT INTO `statistics_daily` VALUES ('1510', '2018-12-12', '755', '33', '305', '14', '2018-01-25 06:38:20', '2019-09-09 12:12:12');
INSERT INTO `statistics_daily` VALUES ('1511', '2018-12-13', '756', '33', '305', '14', '2018-01-25 06:38:20', '2019-09-09 12:12:12');
INSERT INTO `statistics_daily` VALUES ('1512', '2018-12-14', '366', '33', '305', '14', '2018-01-25 06:38:20', '2019-09-09 12:12:12');
INSERT INTO `statistics_daily` VALUES ('1513', '2018-12-15', '757', '33', '66', '14', '2018-01-25 06:38:20', '2019-09-09 12:12:12');
INSERT INTO `statistics_daily` VALUES ('1514', '2018-12-16', '757', '33', '306', '14', '2018-01-25 06:38:20', '2019-09-09 12:12:12');
INSERT INTO `statistics_daily` VALUES ('1515', '2018-12-17', '758', '33', '306', '14', '2018-01-25 06:38:20', '2019-09-09 12:12:12');
INSERT INTO `statistics_daily` VALUES ('1516', '2018-12-18', '758', '2', '306', '14', '2018-01-25 06:38:20', '2019-09-09 12:12:12');
INSERT INTO `statistics_daily` VALUES ('1517', '2018-12-19', '759', '33', '306', '14', '2018-01-25 06:38:20', '2019-09-09 12:12:12');
INSERT INTO `statistics_daily` VALUES ('1518', '2018-12-20', '564', '33', '307', '14', '2018-01-25 06:38:20', '2019-09-09 12:12:12');
INSERT INTO `statistics_daily` VALUES ('1519', '2018-12-21', '760', '33', '307', '14', '2018-01-25 06:38:20', '2019-09-09 12:12:12');
INSERT INTO `statistics_daily` VALUES ('1520', '2018-12-22', '760', '33', '307', '14', '2018-01-25 06:38:20', '2019-09-09 12:12:12');
INSERT INTO `statistics_daily` VALUES ('1521', '2018-12-23', '761', '33', '307', '14', '2018-01-25 06:38:20', '2019-09-09 12:12:12');
INSERT INTO `statistics_daily` VALUES ('1522', '2018-12-24', '761', '33', '307', '14', '2018-01-25 06:38:20', '2019-09-09 12:12:12');
INSERT INTO `statistics_daily` VALUES ('1527', '2018-12-29', '764', '34', '308', '14', '2018-01-25 06:38:20', '2019-09-09 12:12:12');
INSERT INTO `statistics_daily` VALUES ('1528', '2018-12-30', '764', '34', '309', '14', '2018-01-25 06:38:20', '2019-09-09 12:12:12');
INSERT INTO `statistics_daily` VALUES ('1529', '2018-12-31', '765', '34', '309', '14', '2018-01-25 06:38:20', '2019-09-09 12:12:12');
INSERT INTO `statistics_daily` VALUES ('1554', '2018-01-01', '333', '34', '314', '14', '2018-02-02 08:58:31', '2019-09-09 12:12:12');
INSERT INTO `statistics_daily` VALUES ('1555', '2018-01-02', '778', '34', '314', '14', '2018-02-02 08:58:31', '2019-09-09 12:12:12');
INSERT INTO `statistics_daily` VALUES ('1556', '2018-01-03', '778', '34', '314', '14', '2018-02-02 08:58:31', '2019-09-09 12:12:12');
INSERT INTO `statistics_daily` VALUES ('1557', '2018-01-04', '779', '34', '314', '14', '2018-02-02 08:58:31', '2019-09-09 12:12:12');
INSERT INTO `statistics_daily` VALUES ('1558', '2018-01-05', '779', '34', '315', '14', '2018-02-02 08:58:31', '2019-09-09 12:12:12');
INSERT INTO `statistics_daily` VALUES ('1559', '2018-01-06', '780', '34', '315', '14', '2018-02-02 08:58:31', '2019-09-09 12:12:12');
INSERT INTO `statistics_daily` VALUES ('1560', '2018-01-07', '780', '34', '315', '14', '2018-02-02 08:58:31', '2019-09-09 12:12:12');
INSERT INTO `statistics_daily` VALUES ('1561', '2018-01-08', '781', '34', '315', '14', '2018-02-02 08:58:31', '2019-09-09 12:12:12');
INSERT INTO `statistics_daily` VALUES ('1562', '2018-01-09', '781', '34', '315', '14', '2018-02-02 08:58:31', '2019-09-09 12:12:12');
INSERT INTO `statistics_daily` VALUES ('1563', '2018-01-10', '782', '34', '316', '14', '2018-02-02 08:58:31', '2019-09-09 12:12:12');
INSERT INTO `statistics_daily` VALUES ('1564', '2018-01-11', '782', '34', '316', '14', '2018-02-02 08:58:31', '2019-09-09 12:12:12');
INSERT INTO `statistics_daily` VALUES ('1565', '2018-01-12', '783', '34', '316', '14', '2018-02-02 08:58:31', '2019-09-09 12:12:12');
INSERT INTO `statistics_daily` VALUES ('1566', '2018-01-13', '783', '34', '316', '14', '2018-02-02 08:58:31', '2019-09-09 12:12:12');
INSERT INTO `statistics_daily` VALUES ('1567', '2018-01-14', '784', '34', '316', '14', '2018-02-02 08:58:31', '2019-09-09 12:12:12');
INSERT INTO `statistics_daily` VALUES ('1568', '2018-01-15', '784', '34', '317', '14', '2018-02-02 08:58:31', '2019-09-09 12:12:12');
INSERT INTO `statistics_daily` VALUES ('1569', '2018-01-16', '23', '34', '317', '14', '2018-02-02 08:58:31', '2019-09-09 12:12:12');
INSERT INTO `statistics_daily` VALUES ('1570', '2018-01-17', '785', '34', '317', '14', '2018-02-02 08:58:31', '2019-09-09 12:12:12');
INSERT INTO `statistics_daily` VALUES ('1571', '2018-01-18', '786', '34', '317', '14', '2018-02-02 08:58:31', '2019-09-09 12:12:12');
INSERT INTO `statistics_daily` VALUES ('1572', '2018-01-19', '786', '34', '317', '14', '2018-02-02 08:58:31', '2019-09-09 12:12:12');
INSERT INTO `statistics_daily` VALUES ('1573', '2018-01-20', '787', '2', '318', '14', '2018-02-02 08:58:31', '2019-09-09 12:12:12');
INSERT INTO `statistics_daily` VALUES ('1574', '2018-01-21', '787', '2', '318', '14', '2018-02-02 08:58:31', '2019-09-09 12:12:12');
INSERT INTO `statistics_daily` VALUES ('1575', '2018-01-22', '788', '1', '318', '14', '2018-02-02 08:58:31', '2019-09-09 12:12:12');
INSERT INTO `statistics_daily` VALUES ('1576', '2018-01-23', '788', '35', '318', '14', '2018-02-02 08:58:31', '2019-09-09 12:12:12');
INSERT INTO `statistics_daily` VALUES ('1577', '2018-01-24', '789', '35', '318', '14', '2018-02-02 08:58:31', '2019-09-09 12:12:12');
INSERT INTO `statistics_daily` VALUES ('1578', '2018-01-25', '789', '1', '319', '14', '2018-02-02 08:58:31', '2019-09-09 12:12:12');
INSERT INTO `statistics_daily` VALUES ('1579', '2018-01-26', '790', '1', '319', '14', '2018-02-02 08:58:31', '2019-09-09 12:12:12');
INSERT INTO `statistics_daily` VALUES ('1580', '2018-01-27', '531', '2', '319', '14', '2018-02-02 08:58:31', '2019-09-09 12:12:12');
INSERT INTO `statistics_daily` VALUES ('1581', '2018-01-28', '791', '2', '319', '14', '2018-02-02 08:58:31', '2019-09-09 12:12:12');
INSERT INTO `statistics_daily` VALUES ('1582', '2018-01-29', '791', '2', '319', '14', '2018-02-02 08:58:31', '2019-09-09 12:12:12');
INSERT INTO `statistics_daily` VALUES ('1583', '2018-01-30', '2', '4', '2', '14', '2018-02-02 08:58:31', '2019-09-09 12:12:12');
INSERT INTO `statistics_daily` VALUES ('1584', '2018-01-31', '792', '35', '320', '14', '2018-02-02 08:58:31', '2019-09-09 12:12:12');
INSERT INTO `statistics_daily` VALUES ('1586', '2018-02-01', '793', '4', '3', '14', '2018-02-25 10:54:34', '2019-09-09 12:12:12');
INSERT INTO `statistics_daily` VALUES ('1587', '2018-02-02', '794', '2', '1', '14', '2018-02-25 10:54:34', '2019-09-09 12:12:12');
INSERT INTO `statistics_daily` VALUES ('1588', '2018-02-03', '794', '1', '4', '14', '2018-02-25 10:54:34', '2019-09-09 12:12:12');
INSERT INTO `statistics_daily` VALUES ('1589', '2018-02-04', '795', '35', '321', '14', '2018-02-25 10:54:34', '2019-09-09 12:12:12');
INSERT INTO `statistics_daily` VALUES ('1590', '2018-02-05', '795', '35', '321', '14', '2018-02-25 10:54:34', '2019-09-09 12:12:12');
INSERT INTO `statistics_daily` VALUES ('1591', '2018-02-06', '796', '35', '321', '14', '2018-02-25 10:54:34', '2019-09-09 12:12:12');
INSERT INTO `statistics_daily` VALUES ('1592', '2018-02-07', '796', '35', '321', '14', '2018-02-25 10:54:34', '2019-09-09 12:12:12');
INSERT INTO `statistics_daily` VALUES ('1593', '2018-02-08', '797', '35', '322', '14', '2018-02-25 10:54:34', '2019-09-09 12:12:12');
INSERT INTO `statistics_daily` VALUES ('1594', '2018-02-09', '797', '35', '322', '14', '2018-02-25 10:54:34', '2019-09-09 12:12:12');
INSERT INTO `statistics_daily` VALUES ('1595', '2018-02-10', '99', '35', '322', '14', '2018-02-25 10:54:34', '2019-09-09 12:12:12');
INSERT INTO `statistics_daily` VALUES ('1596', '2018-02-11', '798', '35', '322', '14', '2018-02-25 10:54:34', '2019-09-09 12:12:12');
INSERT INTO `statistics_daily` VALUES ('1597', '2018-02-12', '799', '35', '322', '14', '2018-02-25 10:54:34', '2019-09-09 12:12:12');
INSERT INTO `statistics_daily` VALUES ('1598', '2018-02-13', '799', '35', '323', '14', '2018-02-25 10:54:34', '2019-09-09 12:12:12');
INSERT INTO `statistics_daily` VALUES ('1599', '2018-02-14', '800', '35', '323', '14', '2018-02-25 10:54:34', '2019-09-09 12:12:12');
INSERT INTO `statistics_daily` VALUES ('1600', '2018-02-15', '800', '35', '323', '14', '2018-02-25 10:54:34', '2019-09-09 12:12:12');
INSERT INTO `statistics_daily` VALUES ('1601', '2018-02-16', '89', '35', '90', '14', '2018-02-25 10:54:34', '2019-09-09 12:12:12');
INSERT INTO `statistics_daily` VALUES ('1602', '2018-02-17', '801', '35', '323', '14', '2018-02-25 10:54:34', '2019-09-09 12:12:12');
INSERT INTO `statistics_daily` VALUES ('1603', '2018-02-18', '802', '23', '324', '14', '2018-02-25 10:54:34', '2019-09-09 12:12:12');
INSERT INTO `statistics_daily` VALUES ('1604', '2018-02-19', '802', '2', '324', '14', '2018-02-25 10:54:34', '2019-09-09 12:12:12');
INSERT INTO `statistics_daily` VALUES ('1605', '2018-02-20', '803', '56', '324', '14', '2018-02-25 10:54:34', '2019-09-09 12:12:12');
INSERT INTO `statistics_daily` VALUES ('1606', '2018-02-21', '45', '35', '89', '14', '2018-02-25 10:54:34', '2019-09-09 12:12:12');
INSERT INTO `statistics_daily` VALUES ('1607', '2018-02-22', '804', '35', '324', '14', '2018-02-25 10:54:34', '2019-09-09 12:12:12');
INSERT INTO `statistics_daily` VALUES ('1608', '2018-02-23', '804', '35', '325', '14', '2018-02-25 10:54:34', '2019-09-09 12:12:12');
INSERT INTO `statistics_daily` VALUES ('1609', '2018-02-24', '805', '1', '3', '14', '2018-02-25 10:54:34', '2019-09-09 12:12:12');
INSERT INTO `statistics_daily` VALUES ('1610', '2018-05-15', '0', '0', '0', '7', '2018-05-16 00:25:27', '2019-09-09 12:12:12');
INSERT INTO `statistics_daily` VALUES ('1611', '2018-10-01', '0', '0', '0', '7', '2018-10-24 16:17:15', '2019-09-09 12:12:12');
INSERT INTO `statistics_daily` VALUES ('1612', '2018-10-02', '0', '0', '0', '7', '2018-10-24 16:17:15', '2019-09-09 12:12:12');
INSERT INTO `statistics_daily` VALUES ('1613', '2018-10-03', '0', '0', '0', '7', '2018-10-24 16:17:15', '2019-09-09 12:12:12');
INSERT INTO `statistics_daily` VALUES ('1614', '2018-10-04', '0', '0', '0', '7', '2018-10-24 16:17:15', '2019-09-09 12:12:12');
INSERT INTO `statistics_daily` VALUES ('1615', '2018-10-05', '0', '0', '0', '7', '2018-10-24 16:17:15', '2019-09-09 12:12:12');

-- ----------------------------
-- Table structure for t_order
-- ----------------------------
DROP TABLE IF EXISTS `t_order`;
CREATE TABLE `t_order` (
  `id` char(19) NOT NULL DEFAULT '',
  `order_no` varchar(20) NOT NULL DEFAULT '' COMMENT '订单号',
  `course_id` varchar(19) NOT NULL DEFAULT '' COMMENT '课程id',
  `course_title` varchar(100) DEFAULT NULL COMMENT '课程名称',
  `course_cover` varchar(255) DEFAULT NULL COMMENT '课程封面',
  `teacher_name` varchar(20) DEFAULT NULL COMMENT '讲师名称',
  `member_id` varchar(19) NOT NULL DEFAULT '' COMMENT '会员id',
  `nickname` varchar(50) DEFAULT NULL COMMENT '会员昵称',
  `mobile` varchar(11) DEFAULT NULL COMMENT '会员手机',
  `total_fee` decimal(10,2) DEFAULT '0.01' COMMENT '订单金额（分）',
  `pay_type` tinyint DEFAULT NULL COMMENT '支付类型（1：微信 2：支付宝）',
  `status` tinyint DEFAULT NULL COMMENT '订单状态（0：未支付 1：已支付）',
  `is_deleted` tinyint unsigned NOT NULL DEFAULT '0' COMMENT '逻辑删除 1（true）已删除， 0（false）未删除',
  `gmt_create` datetime NOT NULL COMMENT '创建时间',
  `gmt_modified` datetime NOT NULL COMMENT '更新时间',
  PRIMARY KEY (`id`),
  UNIQUE KEY `ux_order_no` (`order_no`),
  KEY `idx_course_id` (`course_id`),
  KEY `idx_member_id` (`member_id`)
) ENGINE=InnoDB DEFAULT CHARSET=utf8mb4 COLLATE=utf8mb4_0900_ai_ci COMMENT='订单';

-- ----------------------------
-- Records of t_order
-- ----------------------------
INSERT INTO `t_order` VALUES ('1195693605513891841', '1195693605555834880', '18', 'Java精品课程', 'http://guli-file.oss-cn-beijing.aliyuncs.com/cover/2019/03/06/866e9aca-b530-4f71-a690-72d4a4bfd1e7.jpg', '晴天', '1', '小三1231', '13700000001', '1.00', null, '0', '0', '2019-11-16 21:22:25', '2019-11-16 21:22:25');
INSERT INTO `t_order` VALUES ('1195694200178118657', '1195694200186507264', '18', 'Java精品课程', 'http://guli-file.oss-cn-beijing.aliyuncs.com/cover/2019/03/06/866e9aca-b530-4f71-a690-72d4a4bfd1e7.jpg', '晴天', '1', '小三1231', '13700000001', '1.00', null, '0', '0', '2019-11-16 21:24:47', '2019-11-16 21:24:47');
INSERT INTO `t_order` VALUES ('1196264007411744769', '1196264005255872512', '1192252213659774977', 'java基础课程：test', 'https://guli-file-190513.oss-cn-beijing.aliyuncs.com/cover/default.gif', '晴天', '1', '小三1231', '13700000001', '1.00', null, '1', '0', '2019-11-18 11:09:00', '2019-11-18 11:10:14');
INSERT INTO `t_order` VALUES ('1196265495278174209', '1196265495273979904', '18', 'Java精品课程', 'http://guli-file.oss-cn-beijing.aliyuncs.com/cover/2019/03/06/866e9aca-b530-4f71-a690-72d4a4bfd1e7.jpg', '晴天', '1', '小三1231', '13700000001', '1.00', null, '0', '0', '2019-11-18 11:14:54', '2019-11-18 11:14:54');
INSERT INTO `t_order` VALUES ('1506917982465425410', '1111', '1192252213659774977', 'java基础课程：test', 'https://myimageserver.oss-cn-beijing.aliyuncs.com/img/201707271032383176.jpg', '晴天', '1505828669577281537', null, null, '0.01', '1', '0', '0', '2022-03-24 16:56:59', '2022-03-24 16:56:59');
INSERT INTO `t_order` VALUES ('1506920937067388929', '20220324170843112', '1192252213659774977', 'java基础课程：test', 'https://myimageserver.oss-cn-beijing.aliyuncs.com/img/201707271032383176.jpg', '晴天', '1', null, null, '0.01', '1', '0', '0', '2022-03-24 17:08:43', '2022-03-24 17:08:43');
INSERT INTO `t_order` VALUES ('1506921117275672578', '20220324170926298', '1192252213659774977', 'java基础课程：test', 'https://myimageserver.oss-cn-beijing.aliyuncs.com/img/201707271032383176.jpg', '晴天', '1', null, null, '0.01', '1', '0', '0', '2022-03-24 17:09:26', '2022-03-24 17:09:26');
INSERT INTO `t_order` VALUES ('1506921567429349378', '20220324171113524', '1192252213659774977', 'java基础课程：test', 'https://myimageserver.oss-cn-beijing.aliyuncs.com/img/201707271032383176.jpg', '晴天', '1', null, null, '0.01', '1', '0', '0', '2022-03-24 17:11:14', '2022-03-24 17:11:14');
INSERT INTO `t_order` VALUES ('1506922785350393858', '20220324171603943', '1192252213659774977', 'java基础课程：test', 'https://myimageserver.oss-cn-beijing.aliyuncs.com/img/201707271032383176.jpg', '晴天', '1', null, null, '0.01', '1', '0', '0', '2022-03-24 17:16:04', '2022-03-24 17:16:04');
INSERT INTO `t_order` VALUES ('1506923335030710274', '20220324171815250', '1192252213659774977', 'java基础课程：test', 'https://myimageserver.oss-cn-beijing.aliyuncs.com/img/201707271032383176.jpg', '晴天', '1', null, null, '0.01', '1', '0', '0', '2022-03-24 17:18:15', '2022-03-24 17:18:15');
INSERT INTO `t_order` VALUES ('1506926798821142530', '20220324173200477', '1192252213659774977', 'java基础课程：test', 'https://myimageserver.oss-cn-beijing.aliyuncs.com/img/201707271032383176.jpg', '晴天', '1', '小三123', '13700000001', '0.01', '1', '0', '0', '2022-03-24 17:32:01', '2022-03-24 17:32:01');
INSERT INTO `t_order` VALUES ('1506938624342618114', '20220324181900611', '1192252213659774977', 'java基础课程：test', 'https://myimageserver.oss-cn-beijing.aliyuncs.com/img/201707271032383176.jpg', '晴天', '1505564326184906753', 'kaka', '18846080710', '0.01', '1', '0', '0', '2022-03-24 18:19:00', '2022-03-24 18:19:00');
INSERT INTO `t_order` VALUES ('1506939491087151106', '20220324182226078', '14', 'XHTML CSS2 JS整站制作教程课程学习', 'https://myimageserver.oss-cn-beijing.aliyuncs.com/img/201707271032383176.jpg', '晴天', '1505564326184906753', 'kaka', '18846080710', '0.00', '1', '0', '0', '2022-03-24 18:22:27', '2022-03-24 18:22:27');
INSERT INTO `t_order` VALUES ('1506940338781155329', '20220324182549541', '14', 'XHTML CSS2 JS整站制作教程课程学习', 'https://myimageserver.oss-cn-beijing.aliyuncs.com/img/201707271032383176.jpg', '晴天', '1505564326184906753', 'kaka', '18846080710', '0.00', '1', '0', '0', '2022-03-24 18:25:49', '2022-03-24 18:25:49');
INSERT INTO `t_order` VALUES ('1506993378334715905', '20220324215634243', '1192252213659774977', 'java基础课程：test', 'https://myimageserver.oss-cn-beijing.aliyuncs.com/img/201707271032383176.jpg', '晴天', '1505564326184906753', 'kaka', '18846080710', '0.01', '1', '0', '0', '2022-03-24 21:56:35', '2022-03-24 21:56:35');
INSERT INTO `t_order` VALUES ('1506993379093884930', '20220324215634739', '1192252213659774977', 'java基础课程：test', 'https://myimageserver.oss-cn-beijing.aliyuncs.com/img/201707271032383176.jpg', '晴天', '1505564326184906753', 'kaka', '18846080710', '0.01', '1', '0', '0', '2022-03-24 21:56:35', '2022-03-24 21:56:35');
INSERT INTO `t_order` VALUES ('1506993379194548226', '20220324215634553', '1192252213659774977', 'java基础课程：test', 'https://myimageserver.oss-cn-beijing.aliyuncs.com/img/201707271032383176.jpg', '晴天', '1505564326184906753', 'kaka', '18846080710', '0.01', '1', '0', '0', '2022-03-24 21:56:35', '2022-03-24 21:56:35');
INSERT INTO `t_order` VALUES ('1506999083686965250', '20220324221914851', '1192252213659774977', 'java基础课程：test', 'https://myimageserver.oss-cn-beijing.aliyuncs.com/img/201707271032383176.jpg', '晴天', '1505564326184906753', 'kaka', '18846080710', '0.01', '1', '1', '0', '2022-03-24 22:19:15', '2022-03-24 22:25:58');
INSERT INTO `t_order` VALUES ('1507001534322323458', '20220324222859844', '1192252213659774977', 'java基础课程：test', 'https://myimageserver.oss-cn-beijing.aliyuncs.com/img/201707271032383176.jpg', '晴天', '1505564326184906753', 'kaka', '18846080710', '0.01', '1', '1', '0', '2022-03-24 22:28:59', '2022-03-24 22:29:31');
INSERT INTO `t_order` VALUES ('1507926828042428418', '20220327114546521', '1503346332251820034', '我的测试课程', 'https://myimageserver.oss-cn-beijing.aliyuncs.com/img/201707271032383176.jpg', '荷妮特', '1505564326184906753', 'kaka', '18846080710', '10.00', '1', '0', '0', '2022-03-27 11:45:46', '2022-03-27 11:45:46');
INSERT INTO `t_order` VALUES ('1507929707536982017', '20220327115712692', '1192252213659774977', 'java基础课程：test', 'https://myimageserver.oss-cn-beijing.aliyuncs.com/img/201707271032383176.jpg', '晴天', '1505564326184906753', 'kaka', '18846080710', '0.01', '1', '0', '0', '2022-03-27 11:57:13', '2022-03-27 11:57:13');
INSERT INTO `t_order` VALUES ('1507931727153078274', '20220327120514934', '1192252213659774977', 'java基础课程：test', 'https://myimageserver.oss-cn-beijing.aliyuncs.com/img/201707271032383176.jpg', '晴天', '1505564326184906753', 'kaka', '18846080710', '0.01', '1', '0', '0', '2022-03-27 12:05:14', '2022-03-27 12:05:14');

-- ----------------------------
-- Table structure for t_pay_log
-- ----------------------------
DROP TABLE IF EXISTS `t_pay_log`;
CREATE TABLE `t_pay_log` (
  `id` char(19) NOT NULL DEFAULT '',
  `order_no` varchar(20) NOT NULL DEFAULT '' COMMENT '订单号',
  `pay_time` datetime DEFAULT NULL COMMENT '支付完成时间',
  `total_fee` decimal(10,2) DEFAULT '0.01' COMMENT '支付金额（分）',
  `transaction_id` varchar(30) DEFAULT NULL COMMENT '交易流水号',
  `trade_state` char(20) DEFAULT NULL COMMENT '交易状态',
  `pay_type` tinyint NOT NULL DEFAULT '0' COMMENT '支付类型（1：微信 2：支付宝）',
  `attr` text COMMENT '其他属性',
  `is_deleted` tinyint unsigned NOT NULL DEFAULT '0' COMMENT '逻辑删除 1（true）已删除， 0（false）未删除',
  `gmt_create` datetime NOT NULL COMMENT '创建时间',
  `gmt_modified` datetime NOT NULL COMMENT '更新时间',
  PRIMARY KEY (`id`),
  UNIQUE KEY `uk_order_no` (`order_no`)
) ENGINE=InnoDB DEFAULT CHARSET=utf8mb4 COLLATE=utf8mb4_0900_ai_ci COMMENT='支付日志表';

-- ----------------------------
-- Records of t_pay_log
-- ----------------------------
INSERT INTO `t_pay_log` VALUES ('1194498446013001730', '1194498300579704832', '2019-11-13 14:13:17', '1.00', '4200000469201911130676624386', 'SUCCESS', '1', '{\"transaction_id\":\"4200000469201911130676624386\",\"nonce_str\":\"2Lc23ILl231It53M\",\"trade_state\":\"SUCCESS\",\"bank_type\":\"CFT\",\"openid\":\"oNpSGwR-QGG5DaZtDkh2UZlsFDQE\",\"sign\":\"5404850AA3ED0E844DE104651477F07A\",\"return_msg\":\"OK\",\"fee_type\":\"CNY\",\"mch_id\":\"1473426802\",\"cash_fee\":\"1\",\"out_trade_no\":\"1194498300579704832\",\"cash_fee_type\":\"CNY\",\"appid\":\"wx8397f8696b538317\",\"total_fee\":\"1\",\"trade_state_desc\":\"支付成功\",\"trade_type\":\"NATIVE\",\"result_code\":\"SUCCESS\",\"attach\":\"\",\"time_end\":\"20191113141314\",\"is_subscribe\":\"N\",\"return_code\":\"SUCCESS\"}', '0', '2019-11-13 14:13:17', '2019-11-13 14:13:17');
INSERT INTO `t_pay_log` VALUES ('1195253787449430017', '1195253049260314624', '2019-11-15 16:14:44', '1.00', '4200000454201911150981874895', 'SUCCESS', '1', '{\"transaction_id\":\"4200000454201911150981874895\",\"nonce_str\":\"MAM5UM4Xhv1lItvO\",\"trade_state\":\"SUCCESS\",\"bank_type\":\"CFT\",\"openid\":\"oNpSGwR-QGG5DaZtDkh2UZlsFDQE\",\"sign\":\"7DBDCAF4A078B30BB3EF073E6A238C20\",\"return_msg\":\"OK\",\"fee_type\":\"CNY\",\"mch_id\":\"1473426802\",\"cash_fee\":\"1\",\"out_trade_no\":\"1195253049260314624\",\"cash_fee_type\":\"CNY\",\"appid\":\"wx8397f8696b538317\",\"total_fee\":\"1\",\"trade_state_desc\":\"支付成功\",\"trade_type\":\"NATIVE\",\"result_code\":\"SUCCESS\",\"attach\":\"\",\"time_end\":\"20191115161440\",\"is_subscribe\":\"N\",\"return_code\":\"SUCCESS\"}', '0', '2019-11-15 16:14:44', '2019-11-15 16:14:44');
INSERT INTO `t_pay_log` VALUES ('1196264321397342210', '1196264005255872512', '2019-11-18 11:10:14', '1.00', '4200000453201911184025781554', 'SUCCESS', '1', '{\"transaction_id\":\"4200000453201911184025781554\",\"nonce_str\":\"D1dHexCLIFIxAAg2\",\"trade_state\":\"SUCCESS\",\"bank_type\":\"CFT\",\"openid\":\"oNpSGwR-QGG5DaZtDkh2UZlsFDQE\",\"sign\":\"C9F5CA1EE49EA7891736D73BEB423962\",\"return_msg\":\"OK\",\"fee_type\":\"CNY\",\"mch_id\":\"1473426802\",\"cash_fee\":\"1\",\"out_trade_no\":\"1196264005255872512\",\"cash_fee_type\":\"CNY\",\"appid\":\"wx8397f8696b538317\",\"total_fee\":\"1\",\"trade_state_desc\":\"支付成功\",\"trade_type\":\"NATIVE\",\"result_code\":\"SUCCESS\",\"attach\":\"\",\"time_end\":\"20191118111011\",\"is_subscribe\":\"N\",\"return_code\":\"SUCCESS\"}', '0', '2019-11-18 11:10:14', '2019-11-18 11:10:14');
INSERT INTO `t_pay_log` VALUES ('1507000776084541442', '20220324221914851', '2022-03-24 22:25:58', '0.01', '4200001309202203244437575316', 'SUCCESS', '1', '{\"transaction_id\":\"4200001309202203244437575316\",\"nonce_str\":\"88O3dYdk9k75Q0gB\",\"trade_state\":\"SUCCESS\",\"bank_type\":\"OTHERS\",\"openid\":\"oHwsHuE9CsYE53rfVHVzPrSLzt6U\",\"sign\":\"BA64D5C18CECD18030D7432A5489592C\",\"return_msg\":\"OK\",\"fee_type\":\"CNY\",\"mch_id\":\"1558950191\",\"cash_fee\":\"1\",\"out_trade_no\":\"20220324221914851\",\"cash_fee_type\":\"CNY\",\"appid\":\"wx74862e0dfcf69954\",\"total_fee\":\"1\",\"trade_state_desc\":\"支付成功\",\"trade_type\":\"NATIVE\",\"result_code\":\"SUCCESS\",\"attach\":\"\",\"time_end\":\"20220324221930\",\"is_subscribe\":\"N\",\"return_code\":\"SUCCESS\"}', '0', '2022-03-24 22:25:58', '2022-03-24 22:25:58');
INSERT INTO `t_pay_log` VALUES ('1507001668825264130', '20220324222859844', '2022-03-24 22:29:31', '0.01', '4200001324202203247040570427', 'SUCCESS', '1', '{\"transaction_id\":\"4200001324202203247040570427\",\"nonce_str\":\"YI8sVxXWkzW8osBK\",\"trade_state\":\"SUCCESS\",\"bank_type\":\"OTHERS\",\"openid\":\"oHwsHuE9CsYE53rfVHVzPrSLzt6U\",\"sign\":\"6A8C96263A8CA4DDD03EA2E9450F3CC3\",\"return_msg\":\"OK\",\"fee_type\":\"CNY\",\"mch_id\":\"1558950191\",\"cash_fee\":\"1\",\"out_trade_no\":\"20220324222859844\",\"cash_fee_type\":\"CNY\",\"appid\":\"wx74862e0dfcf69954\",\"total_fee\":\"1\",\"trade_state_desc\":\"支付成功\",\"trade_type\":\"NATIVE\",\"result_code\":\"SUCCESS\",\"attach\":\"\",\"time_end\":\"20220324222929\",\"is_subscribe\":\"N\",\"return_code\":\"SUCCESS\"}', '0', '2022-03-24 22:29:31', '2022-03-24 22:29:31');

-- ----------------------------
-- Table structure for ucenter_member
-- ----------------------------
DROP TABLE IF EXISTS `ucenter_member`;
CREATE TABLE `ucenter_member` (
  `id` char(19) NOT NULL COMMENT '会员id',
  `openid` varchar(128) DEFAULT NULL COMMENT '微信openid',
  `mobile` varchar(11) DEFAULT '' COMMENT '手机号',
  `password` varchar(255) DEFAULT NULL COMMENT '密码',
  `nickname` varchar(50) DEFAULT NULL COMMENT '昵称',
  `sex` tinyint unsigned DEFAULT NULL COMMENT '性别 1 女，2 男',
  `age` tinyint unsigned DEFAULT NULL COMMENT '年龄',
  `avatar` varchar(255) DEFAULT NULL COMMENT '用户头像',
  `sign` varchar(100) DEFAULT NULL COMMENT '用户签名',
  `is_disabled` tinyint(1) NOT NULL DEFAULT '0' COMMENT '是否禁用 1（true）已禁用，  0（false）未禁用',
  `is_deleted` tinyint(1) NOT NULL DEFAULT '0' COMMENT '逻辑删除 1（true）已删除， 0（false）未删除',
  `gmt_create` datetime NOT NULL COMMENT '创建时间',
  `gmt_modified` datetime NOT NULL COMMENT '更新时间',
  PRIMARY KEY (`id`)
) ENGINE=InnoDB DEFAULT CHARSET=utf8mb4 COLLATE=utf8mb4_0900_ai_ci COMMENT='会员表';

-- ----------------------------
-- Records of ucenter_member
-- ----------------------------
INSERT INTO `ucenter_member` VALUES ('1', null, '13700000001', '96e79218965eb72c92a549dd5a330112', '小三123', '1', '5', 'https://myimageserver.oss-cn-beijing.aliyuncs.com/img/q101801413428606.jpg', null, '0', '0', '2019-01-01 12:11:33', '2019-11-08 11:56:01');
INSERT INTO `ucenter_member` VALUES ('1080736474267144193', null, '13700000011', '96e79218965eb72c92a549dd5a330112', '用户XJtDfaYeKk', '1', '19', 'https://myimageserver.oss-cn-beijing.aliyuncs.com/img/q101801413428606.jpg', null, '0', '0', '2019-01-02 12:12:45', '2019-01-02 12:12:56');
INSERT INTO `ucenter_member` VALUES ('1080736474355224577', null, '13700000002', '96e79218965eb72c92a549dd5a330112', '用户wUrNkzAPrc', '1', '27', 'https://myimageserver.oss-cn-beijing.aliyuncs.com/img/q101801413428606.jpg', null, '0', '0', '2019-01-02 12:13:56', '2019-01-02 12:14:07');
INSERT INTO `ucenter_member` VALUES ('1086387099449442306', null, '13520191388', '96e79218965eb72c92a549dd5a330112', '用户XTMUeHDAoj', '2', '20', 'https://myimageserver.oss-cn-beijing.aliyuncs.com/img/q101801413428606.jpg', null, '0', '0', '2019-01-19 06:17:23', '2019-01-19 06:17:23');
INSERT INTO `ucenter_member` VALUES ('1086387099520745473', null, '13520191389', '96e79218965eb72c92a549dd5a330112', '用户vSdKeDlimn', '1', '21', 'https://myimageserver.oss-cn-beijing.aliyuncs.com/img/q101801413428606.jpg', null, '0', '0', '2019-01-19 06:17:23', '2019-01-19 06:17:23');
INSERT INTO `ucenter_member` VALUES ('1086387099608825858', null, '13520191381', '96e79218965eb72c92a549dd5a330112', '用户EoyWUVXQoP', '1', '18', 'https://myimageserver.oss-cn-beijing.aliyuncs.com/img/q101801413428606.jpg', null, '0', '0', '2019-01-19 06:17:23', '2019-01-19 06:17:23');
INSERT INTO `ucenter_member` VALUES ('1086387099701100545', null, '13520191382', '96e79218965eb72c92a549dd5a330112', '用户LcAYbxLNdN', '2', '24', 'https://myimageserver.oss-cn-beijing.aliyuncs.com/img/q101801413428606.jpg', null, '0', '0', '2019-01-19 06:17:23', '2019-01-19 06:17:23');
INSERT INTO `ucenter_member` VALUES ('1086387099776598018', null, '13520191383', '96e79218965eb72c92a549dd5a330112', '用户dZdjcgltnk', '2', '25', 'https://myimageserver.oss-cn-beijing.aliyuncs.com/img/q101801413428606.jpg', null, '0', '0', '2019-01-19 06:17:23', '2019-01-19 06:17:23');
INSERT INTO `ucenter_member` VALUES ('1086387099852095490', null, '13520191384', '96e79218965eb72c92a549dd5a330112', '用户wNHGHlxUwX', '2', '23', 'https://myimageserver.oss-cn-beijing.aliyuncs.com/img/q101801413428606.jpg', null, '0', '0', '2019-01-19 06:17:23', '2019-01-19 06:17:23');
INSERT INTO `ucenter_member` VALUES ('1106746895272849410', 'o1R-t5u2TfEVeVjO9CPGdHPNw-to', null, null, '檀梵\'', null, null, 'https://myimageserver.oss-cn-beijing.aliyuncs.com/img/q101801413428606.jpg', null, '0', '0', '2019-03-16 10:39:57', '2019-03-16 10:39:57');
INSERT INTO `ucenter_member` VALUES ('1106822699956654081', null, null, null, 'test3', null, null, 'https://myimageserver.oss-cn-beijing.aliyuncs.com/img/q101801413428606.jpg', null, '0', '0', '2019-03-16 15:41:10', '2019-03-16 15:41:10');
INSERT INTO `ucenter_member` VALUES ('1106823035660357634', 'o1R-t5i4gENwHYRb5lVFy98Z0bdk', null, null, 'GaoSir', null, null, 'https://myimageserver.oss-cn-beijing.aliyuncs.com/img/q101801413428606.jpg', null, '0', '0', '2019-03-16 15:42:30', '2019-03-16 15:42:30');
INSERT INTO `ucenter_member` VALUES ('1106823041599492098', null, null, null, 'test4', null, null, 'https://myimageserver.oss-cn-beijing.aliyuncs.com/img/q101801413428606.jpg', null, '0', '0', '2019-03-16 15:42:32', '2019-03-16 15:42:32');
INSERT INTO `ucenter_member` VALUES ('1106823115788341250', 'o1R-t5l_3rnbZbn4jWwFdy6Gk6cg', null, null, '换个网名哇、', null, null, 'https://myimageserver.oss-cn-beijing.aliyuncs.com/img/q101801413428606.jpg', null, '0', '0', '2019-03-16 15:42:49', '2019-03-16 15:42:49');
INSERT INTO `ucenter_member` VALUES ('1106826046730227714', 'o1R-t5gyxumyBqt0CWcnh0S6Ya1g', null, null, '我是Helen', null, null, 'https://myimageserver.oss-cn-beijing.aliyuncs.com/img/q101801413428606.jpg', null, '0', '0', '2019-03-16 15:54:28', '2019-03-16 15:54:28');
INSERT INTO `ucenter_member` VALUES ('1106828185829490690', 'o1R-t5nNlou5lRwBVgGNJFm4rbc4', null, null, ' 虎头', null, null, 'https://myimageserver.oss-cn-beijing.aliyuncs.com/img/q101801413428606.jpg', null, '0', '0', '2019-03-16 16:02:58', '2019-03-16 16:02:58');
INSERT INTO `ucenter_member` VALUES ('1106830599651442689', 'o1R-t5hZHQB1cbX7HZJsiM727_SA', null, null, '是吴啊', null, null, 'https://myimageserver.oss-cn-beijing.aliyuncs.com/img/q101801413428606.jpg', null, '0', '0', '2019-03-16 16:12:34', '2019-03-16 16:12:34');
INSERT INTO `ucenter_member` VALUES ('1106830976199278593', 'o1R-t5meKOoyEJ3-IhWRCBKFcvzU', null, null, '我才是Helen', null, null, 'https://myimageserver.oss-cn-beijing.aliyuncs.com/img/q101801413428606.jpg', null, '0', '0', '2019-03-16 16:14:03', '2019-03-16 16:14:03');
INSERT INTO `ucenter_member` VALUES ('1106831936900415490', 'o1R-t5jXYSWakGtnUBnKbfVT5Iok', null, null, '文若姬', null, null, 'https://myimageserver.oss-cn-beijing.aliyuncs.com/img/q101801413428606.jpg', null, '0', '0', '2019-03-16 16:17:52', '2019-03-16 16:17:52');
INSERT INTO `ucenter_member` VALUES ('1106832491064442882', 'o1R-t5sud081Qsa2Vb2xSKgGnf_g', null, null, 'Peanut', null, null, 'https://myimageserver.oss-cn-beijing.aliyuncs.com/img/q101801413428606.jpg', null, '0', '0', '2019-03-16 16:20:04', '2019-03-16 16:20:04');
INSERT INTO `ucenter_member` VALUES ('1106833021442510849', 'o1R-t5lsGc3I8P5bDpHj7m_AIRvQ', null, null, '食物链终结者', null, null, 'https://myimageserver.oss-cn-beijing.aliyuncs.com/img/q101801413428606.jpg', null, '0', '0', '2019-03-16 16:22:11', '2019-03-16 16:22:11');
INSERT INTO `ucenter_member` VALUES ('1191600824445046786', null, '15210078344', '96e79218965eb72c92a549dd5a330112', 'IT妖姬', '1', '5', 'https://myimageserver.oss-cn-beijing.aliyuncs.com/img/q101801413428606.jpg', null, '0', '0', '2019-11-05 14:19:10', '2019-11-08 18:04:43');
INSERT INTO `ucenter_member` VALUES ('1191616288114163713', null, '17866603606', '96e79218965eb72c92a549dd5a330112', 'xiaowu', null, null, 'https://myimageserver.oss-cn-beijing.aliyuncs.com/img/q101801413428606.jpg', null, '0', '0', '2019-11-05 15:20:37', '2019-11-05 15:20:37');
INSERT INTO `ucenter_member` VALUES ('1195187659054329857', null, '15010546384', '96e79218965eb72c92a549dd5a330112', 'test1', null, null, 'https://myimageserver.oss-cn-beijing.aliyuncs.com/img/q101801413428606.jpg', null, '0', '0', '2019-11-15 11:51:58', '2019-11-15 11:51:58');
INSERT INTO `ucenter_member` VALUES ('1505509137356693505', null, '18888888888', 'b45cffe084dd3d20d928bee85e7b0f21', 'test2', null, null, 'https://myimageserver.oss-cn-beijing.aliyuncs.com/img/q101801413428606.jpg', null, '0', '0', '2022-03-20 19:38:44', '2022-03-20 19:38:44');
